timestamp,open,high,low,close,volume,turnover
2025-10-02 03:30:00,0.22714,0.22765,0.22693,0.22717,3860326.0,877543.37744
2025-10-02 04:00:00,0.22717,0.22783,0.22626,0.22639,3112093.0,706610.28472
2025-10-02 04:30:00,0.22639,0.22658,0.22538,0.2264,2412836.0,545486.86448
2025-10-02 05:00:00,0.2264,0.227,0.2256,0.22671,2165920.0,489657.65368
2025-10-02 05:30:00,0.22671,0.22739,0.22607,0.22628,4044281.0,917212.73
2025-10-02 06:00:00,0.22628,0.22743,0.22624,0.22718,2340068.0,530701.18489
2025-10-02 06:30:00,0.22718,0.22841,0.22703,0.22755,6682525.0,1522518.04813
2025-10-02 07:00:00,0.22755,0.2282,0.22746,0.22759,2003421.0,456206.79516
2025-10-02 07:30:00,0.22759,0.2277,0.22623,0.22648,3691508.0,837086.05084
2025-10-02 08:00:00,0.22648,0.22699,0.22624,0.22691,2494404.0,565358.23084
2025-10-02 08:30:00,0.22691,0.22737,0.22659,0.22732,1815148.0,412080.87798
2025-10-02 09:00:00,0.22732,0.22732,0.22653,0.22678,1412826.0,320512.88509
2025-10-02 09:30:00,0.22678,0.22701,0.22629,0.22673,1292650.0,292840.23723
2025-10-02 10:00:00,0.22673,0.22692,0.22578,0.22586,1865900.0,422256.82598
2025-10-02 10:30:00,0.22586,0.22778,0.22571,0.22759,3088810.0,700432.25285
2025-10-02 11:00:00,0.22759,0.228,0.22726,0.22731,1431342.0,325883.72661
2025-10-02 11:30:00,0.22731,0.2281,0.22667,0.22681,1584104.0,360390.255
2025-10-02 12:00:00,0.22681,0.22735,0.22653,0.22699,2846040.0,646246.3539
2025-10-02 12:30:00,0.22699,0.22764,0.22651,0.22759,3493296.0,793487.84959
2025-10-02 13:00:00,0.22759,0.2279,0.22478,0.22626,9423652.0,2131459.09332
2025-10-02 13:30:00,0.22626,0.2271,0.22555,0.22635,5260820.0,1190590.57152
2025-10-02 14:00:00,0.22635,0.22652,0.2247,0.22596,4655580.0,1049348.55996
2025-10-02 14:30:00,0.22596,0.22631,0.2219,0.22244,15649882.0,3492626.80291
2025-10-02 15:00:00,0.22244,0.22442,0.22138,0.22419,8293816.0,1846054.21324
2025-10-02 15:30:00,0.22419,0.22579,0.22315,0.22572,4133598.0,927739.08621
2025-10-02 16:00:00,0.22572,0.22744,0.22536,0.22686,8140736.0,1844873.1098
2025-10-02 16:30:00,0.22686,0.22739,0.2256,0.22704,5014255.0,1135974.26136
2025-10-02 17:00:00,0.22704,0.22732,0.22629,0.2272,2301537.0,521755.70726
2025-10-02 17:30:00,0.2272,0.22798,0.22686,0.22736,2149497.0,489000.34672
2025-10-02 18:00:00,0.22736,0.22862,0.22735,0.22853,3079564.0,702635.7559
2025-10-02 18:30:00,0.22853,0.2291,0.22801,0.22882,3005858.0,687064.93769
2025-10-02 19:00:00,0.22882,0.2301,0.22842,0.22959,3277051.0,751835.28717
2025-10-02 19:30:00,0.22959,0.23027,0.22927,0.22939,4090836.0,940449.26467
2025-10-02 20:00:00,0.22939,0.22968,0.22817,0.22839,3951205.0,904832.18909
2025-10-02 20:30:00,0.22839,0.22882,0.22743,0.22882,2694689.0,614260.52259
2025-10-02 21:00:00,0.22882,0.22953,0.22808,0.2282,3045307.0,697809.07525
2025-10-02 21:30:00,0.2282,0.22863,0.22778,0.22798,1797938.0,410064.46328
2025-10-02 22:00:00,0.22798,0.22863,0.22621,0.22688,6167901.0,1399875.34805
2025-10-02 22:30:00,0.22688,0.22735,0.22655,0.22679,2537642.0,575846.29624
2025-10-02 23:00:00,0.22679,0.2273,0.22655,0.2267,1613523.0,366237.70998
2025-10-02 23:30:00,0.2267,0.22751,0.22653,0.22736,1852961.0,420476.73647
2025-10-03 00:00:00,0.22736,0.22742,0.2255,0.22613,3030813.0,685640.23979
2025-10-03 00:30:00,0.22613,0.22613,0.22469,0.22473,2496753.0,562365.65429
2025-10-03 01:00:00,0.22473,0.22526,0.22396,0.22414,5176017.0,1162546.59937
2025-10-03 01:30:00,0.22414,0.22472,0.22361,0.22383,2272711.0,509475.55839
2025-10-03 02:00:00,0.22383,0.22519,0.22366,0.224,2659618.0,596367.4218
2025-10-03 02:30:00,0.224,0.22508,0.22372,0.22492,2614877.0,586788.04437
2025-10-03 03:00:00,0.22492,0.22668,0.22481,0.22566,5565376.0,1258059.6695
2025-10-03 03:30:00,0.22566,0.22571,0.22418,0.22456,5302909.0,1193224.37492
2025-10-03 04:00:00,0.22456,0.22618,0.22435,0.22585,1996078.0,450013.21455
2025-10-03 04:30:00,0.22585,0.22585,0.22464,0.22574,1834808.0,413125.52983
2025-10-03 05:00:00,0.22574,0.22596,0.22507,0.22513,1243462.0,280262.21877
2025-10-03 05:30:00,0.22513,0.22533,0.22443,0.22507,1560027.0,350813.95504
2025-10-03 06:00:00,0.22507,0.22524,0.22463,0.22501,1186574.0,266920.25337
2025-10-03 06:30:00,0.22501,0.22519,0.22324,0.22386,2601086.0,582220.38445
2025-10-03 07:00:00,0.22386,0.22394,0.22301,0.2231,1823141.0,407425.74431
2025-10-03 07:30:00,0.2231,0.22368,0.22305,0.22368,1225699.0,273833.1883
2025-10-03 08:00:00,0.22368,0.22382,0.22241,0.22378,4394325.0,980533.9237
2025-10-03 08:30:00,0.22378,0.22464,0.22349,0.22451,2509471.0,562734.69064
2025-10-03 09:00:00,0.22451,0.22489,0.22384,0.22472,2140545.0,480552.95533
2025-10-03 09:30:00,0.22472,0.22496,0.22393,0.2248,2069126.0,464407.32841
2025-10-03 10:00:00,0.2248,0.2248,0.22404,0.22463,1660355.0,372536.27774
2025-10-03 10:30:00,0.22463,0.22484,0.22413,0.22414,592083.0,132870.34087
2025-10-03 11:00:00,0.22414,0.22416,0.22266,0.22335,2298786.0,513714.69262
2025-10-03 11:30:00,0.22335,0.22338,0.22295,0.22299,1483326.0,330962.70452
2025-10-03 12:00:00,0.22299,0.223,0.22218,0.22233,2784314.0,619560.68464
2025-10-03 12:30:00,0.22233,0.22295,0.22215,0.22241,2527909.0,562531.10805
2025-10-03 13:00:00,0.22241,0.22344,0.22135,0.22319,4092138.0,909085.79732
2025-10-03 13:30:00,0.22319,0.22377,0.22224,0.22226,4652697.0,1038334.58054
2025-10-03 14:00:00,0.22226,0.22226,0.22007,0.22087,7894407.0,1744192.20687
2025-10-03 14:30:00,0.22087,0.22198,0.22019,0.22118,8003875.0,1768667.54781
2025-10-03 15:00:00,0.22118,0.22313,0.22046,0.22257,12652264.0,2813037.67683
2025-10-03 15:30:00,0.22257,0.22586,0.22256,0.22563,16902857.0,3796642.11524
2025-10-03 16:00:00,0.22563,0.22808,0.22563,0.228,20974989.0,4759784.64502
2025-10-03 16:30:00,0.228,0.22984,0.22603,0.22628,11985252.0,2733865.37336
2025-10-03 17:00:00,0.22628,0.22692,0.22254,0.22505,29936826.0,6719738.8788
2025-10-03 17:30:00,0.22505,0.22566,0.22288,0.22349,13250126.0,2972004.46607
2025-10-03 18:00:00,0.22349,0.2257,0.22247,0.2252,8820278.0,1976689.11725
2025-10-03 18:30:00,0.2252,0.2261,0.22477,0.22604,3263046.0,736311.95562
2025-10-03 19:00:00,0.22604,0.22661,0.22525,0.22641,4133452.0,934534.32871
2025-10-03 19:30:00,0.22641,0.22667,0.22488,0.22499,3127694.0,706286.54481
2025-10-03 20:00:00,0.22499,0.22506,0.22385,0.22416,3516625.0,789036.9264
2025-10-03 20:30:00,0.22416,0.22552,0.22411,0.2253,1437225.0,323034.99952
2025-10-03 21:00:00,0.2253,0.22562,0.22482,0.22549,2325717.0,523783.95778
2025-10-03 21:30:00,0.22549,0.22551,0.22454,0.22473,1157474.0,260462.45157
2025-10-03 22:00:00,0.22473,0.22594,0.22473,0.22568,1154872.0,260327.06007
2025-10-03 22:30:00,0.22568,0.22609,0.22523,0.22546,775934.0,175180.81987
2025-10-03 23:00:00,0.22546,0.22583,0.22484,0.22506,1406514.0,316885.93461
2025-10-03 23:30:00,0.22506,0.22561,0.22462,0.22528,885320.0,199228.21123
2025-10-04 00:00:00,0.22528,0.22615,0.22462,0.22465,2665418.0,601170.88474
2025-10-04 00:30:00,0.22465,0.22531,0.22464,0.22502,1604822.0,361050.17576
2025-10-04 01:00:00,0.22502,0.22511,0.22327,0.22331,1625037.0,363834.41097
2025-10-04 01:30:00,0.22331,0.22345,0.22249,0.22283,3389094.0,755662.55894
2025-10-04 02:00:00,0.22283,0.22351,0.2219,0.22281,2806507.0,624627.31669
2025-10-04 02:30:00,0.22281,0.22304,0.22253,0.22261,868781.0,193519.17507
2025-10-04 03:00:00,0.22261,0.22277,0.2216,0.22241,1673405.0,371567.6779
2025-10-04 03:30:00,0.22241,0.22308,0.22227,0.22293,744295.0,165816.33445
2025-10-04 04:00:00,0.22293,0.22374,0.22273,0.22306,662816.0,147929.83106
2025-10-04 04:30:00,0.22306,0.22387,0.223,0.22354,969827.0,216850.23057
2025-10-04 05:00:00,0.22354,0.22426,0.22337,0.22361,1603345.0,358941.07222
2025-10-04 05:30:00,0.22361,0.22381,0.22276,0.22372,1164474.0,259965.16033
2025-10-04 06:00:00,0.22372,0.22515,0.22359,0.22478,3174985.0,712929.89783
2025-10-04 06:30:00,0.22478,0.22536,0.22471,0.22521,1150669.0,258990.6595
2025-10-04 07:00:00,0.22521,0.22521,0.22427,0.22455,1323328.0,297216.70375
2025-10-04 07:30:00,0.22455,0.22499,0.22349,0.22389,2112645.0,473419.63634
2025-10-04 08:00:00,0.22389,0.22389,0.2216,0.22161,5577172.0,1240710.06185
2025-10-04 08:30:00,0.22161,0.22197,0.22081,0.22148,4554026.0,1007876.27417
2025-10-04 09:00:00,0.22148,0.22197,0.2209,0.22181,2863102.0,634131.88415
2025-10-04 09:30:00,0.22181,0.22181,0.22038,0.22061,2619624.0,578941.47914
2025-10-04 10:00:00,0.22061,0.22119,0.22043,0.22089,1283904.0,283573.17276
2025-10-04 10:30:00,0.22089,0.22089,0.21871,0.21904,8327111.0,1827143.089
2025-10-04 11:00:00,0.21904,0.21978,0.21858,0.21936,3486968.0,763825.27767
2025-10-04 11:30:00,0.21936,0.21964,0.21879,0.21932,1174164.0,257485.35301
2025-10-04 12:00:00,0.21932,0.21952,0.21876,0.21892,3417198.0,748627.98437
2025-10-04 12:30:00,0.21892,0.2193,0.21864,0.21883,1221630.0,267471.9008
2025-10-04 13:00:00,0.21883,0.22062,0.21877,0.21966,3397795.0,747124.12172
2025-10-04 13:30:00,0.21966,0.22047,0.21949,0.21962,1205017.0,265143.6745
2025-10-04 14:00:00,0.21962,0.22051,0.21939,0.21978,1939448.0,426738.10169
2025-10-04 14:30:00,0.21978,0.21982,0.21724,0.21724,7368563.0,1607630.90983
2025-10-04 15:00:00,0.21724,0.21797,0.21478,0.2155,14434615.0,3119473.50969
2025-10-04 15:30:00,0.2155,0.21622,0.21478,0.21537,11296709.0,2434464.77649
2025-10-04 16:00:00,0.21537,0.21604,0.21489,0.21526,3338067.0,718988.68187
2025-10-04 16:30:00,0.21526,0.21635,0.21526,0.21584,3263198.0,704309.92484
2025-10-04 17:00:00,0.21584,0.2166,0.21563,0.21652,1401609.0,302944.43459
2025-10-04 17:30:00,0.21652,0.21661,0.21505,0.21588,2014600.0,434654.29064
2025-10-04 18:00:00,0.21588,0.21615,0.21548,0.2158,1162967.0,250962.43742
2025-10-04 18:30:00,0.2158,0.21585,0.21536,0.2157,1641094.0,353771.70311
2025-10-04 19:00:00,0.2157,0.21632,0.21556,0.216,1032428.0,223103.50056
2025-10-04 19:30:00,0.216,0.21617,0.21558,0.21615,722645.0,156004.19742
2025-10-04 20:00:00,0.21615,0.21686,0.21605,0.21661,1782417.0,385743.54451
2025-10-04 20:30:00,0.21661,0.2167,0.21596,0.21596,3150929.0,681822.1163
2025-10-04 21:00:00,0.21596,0.21713,0.21592,0.21712,2680625.0,580475.10704
2025-10-04 21:30:00,0.21712,0.21743,0.2169,0.21691,752221.0,163384.91941
2025-10-04 22:00:00,0.21691,0.21727,0.21664,0.21709,1802104.0,390964.92092
2025-10-04 22:30:00,0.21709,0.21759,0.21677,0.21677,1034441.0,224721.71474
2025-10-04 23:00:00,0.21677,0.21703,0.21641,0.21692,516184.0,111830.73146
2025-10-04 23:30:00,0.21692,0.21734,0.21683,0.21694,592603.0,128665.23379
2025-10-05 00:00:00,0.21694,0.21795,0.21645,0.21773,1530636.0,332497.21332
2025-10-05 00:30:00,0.21773,0.21778,0.21596,0.21607,4049219.0,878468.74851
2025-10-05 01:00:00,0.21607,0.21689,0.21602,0.21671,1870930.0,405272.92029
2025-10-05 01:30:00,0.21671,0.21725,0.21667,0.217,1575942.0,341981.09083
2025-10-05 02:00:00,0.217,0.2174,0.21663,0.2174,1873609.0,406583.44972
2025-10-05 02:30:00,0.2174,0.22137,0.2174,0.22116,13601287.0,2985537.08378
2025-10-05 03:00:00,0.22116,0.22211,0.22007,0.22081,6026497.0,1333033.25471
2025-10-05 03:30:00,0.22081,0.22165,0.21971,0.21987,3752777.0,828015.44339
2025-10-05 04:00:00,0.21987,0.22056,0.21955,0.21984,3203988.0,705183.02644
2025-10-05 04:30:00,0.21984,0.22276,0.21957,0.2216,14071159.0,3116432.94606
2025-10-05 05:00:00,0.2216,0.22251,0.22117,0.22244,4575053.0,1015143.91188
2025-10-05 05:30:00,0.22244,0.22251,0.2214,0.22174,2472951.0,548642.20707
2025-10-05 06:00:00,0.22174,0.22254,0.22174,0.22231,2422059.0,537982.24765
2025-10-05 06:30:00,0.22231,0.2226,0.22162,0.22228,1605830.0,356622.76485
2025-10-05 07:00:00,0.22228,0.22398,0.22228,0.2234,4751553.0,1062002.5025
2025-10-05 07:30:00,0.2234,0.22547,0.22305,0.22528,5241620.0,1174733.46594
2025-10-05 08:00:00,0.22528,0.22665,0.22493,0.22545,13106440.0,2961811.35004
2025-10-05 08:30:00,0.22545,0.22545,0.22409,0.22497,3782293.0,850076.1379
2025-10-05 09:00:00,0.22497,0.22514,0.22383,0.22414,2913611.0,654204.71859
2025-10-05 09:30:00,0.22414,0.22469,0.22269,0.22292,12089621.0,2702263.27021
2025-10-05 10:00:00,0.22292,0.22322,0.22091,0.22223,7522057.0,1670222.19436
2025-10-05 10:30:00,0.22223,0.22273,0.22141,0.22186,1369087.0,303998.21298
2025-10-05 11:00:00,0.22186,0.22198,0.21986,0.22062,9984680.0,2205780.72295
2025-10-05 11:30:00,0.22062,0.22132,0.22008,0.22102,1936647.0,427364.29014
2025-10-05 12:00:00,0.22102,0.22124,0.21981,0.22026,3420937.0,754501.61869
2025-10-05 12:30:00,0.22026,0.22073,0.21983,0.21991,1856287.0,408806.16032
2025-10-05 13:00:00,0.21991,0.22062,0.21983,0.22058,3320766.0,731363.20971
2025-10-05 13:30:00,0.22058,0.22118,0.22006,0.22074,2576872.0,568792.23303
2025-10-05 14:00:00,0.22074,0.22184,0.2204,0.22094,4861657.0,1074965.28975
2025-10-05 14:30:00,0.22094,0.22109,0.2192,0.21992,3777951.0,830006.50143
2025-10-05 15:00:00,0.21992,0.22053,0.21935,0.22,2351003.0,516930.43796
2025-10-05 15:30:00,0.22,0.22045,0.21946,0.2203,851325.0,187192.61991
2025-10-05 16:00:00,0.2203,0.22059,0.21939,0.21963,2738275.0,601681.45584
2025-10-05 16:30:00,0.21963,0.21988,0.21786,0.21983,7005522.0,1531653.56096
2025-10-05 17:00:00,0.21983,0.2202,0.21905,0.21911,4036942.0,887029.87754
2025-10-05 17:30:00,0.21911,0.21911,0.21639,0.21645,10117339.0,2198858.86603
2025-10-05 18:00:00,0.21645,0.21731,0.21601,0.21671,5930128.0,1284006.34953
2025-10-05 18:30:00,0.21671,0.21746,0.21653,0.21677,1388602.0,301525.93206
2025-10-05 19:00:00,0.21677,0.21681,0.21517,0.21611,4143732.0,894284.24239
2025-10-05 19:30:00,0.21611,0.21612,0.21423,0.21451,8871722.0,1905874.02815
2025-10-05 20:00:00,0.21451,0.21551,0.21417,0.21512,3781916.0,812508.27517
2025-10-05 20:30:00,0.21512,0.21615,0.21502,0.21563,2813216.0,606638.05214
2025-10-05 21:00:00,0.21563,0.21602,0.21491,0.2158,2751222.0,592747.44741
2025-10-05 21:30:00,0.2158,0.21604,0.21545,0.21591,789259.0,170332.43951
2025-10-05 22:00:00,0.21591,0.21684,0.21502,0.21589,2688945.0,580715.55712
2025-10-05 22:30:00,0.21589,0.2167,0.21586,0.21658,1771887.0,383153.52707
2025-10-05 23:00:00,0.21658,0.21714,0.21646,0.217,2875591.0,623612.73066
2025-10-05 23:30:00,0.217,0.21717,0.21608,0.21626,3032442.0,656777.34173
2025-10-06 00:00:00,0.21626,0.21804,0.21501,0.21648,6404690.0,1386392.8146
2025-10-06 00:30:00,0.21648,0.21675,0.21518,0.21578,3748494.0,809154.329
2025-10-06 01:00:00,0.21578,0.21776,0.21521,0.2173,2672317.0,578956.16775
2025-10-06 01:30:00,0.2173,0.21832,0.21686,0.21706,3587648.0,780509.63584
2025-10-06 02:00:00,0.21706,0.21736,0.21654,0.2166,1253537.0,271949.32732
2025-10-06 02:30:00,0.2166,0.21828,0.21583,0.21746,2561778.0,556442.25949
2025-10-06 03:00:00,0.21746,0.21798,0.21714,0.21798,1857986.0,403982.97678
2025-10-06 03:30:00,0.21798,0.21825,0.21742,0.21785,964099.0,210057.05771
2025-10-06 04:00:00,0.21785,0.21842,0.21723,0.21838,1519995.0,331173.16744
2025-10-06 04:30:00,0.21838,0.21844,0.21708,0.2171,1263105.0,274752.30309
2025-10-06 05:00:00,0.2171,0.21744,0.21648,0.21743,1665046.0,361078.77153
2025-10-06 05:30:00,0.21743,0.21809,0.21669,0.21791,1923593.0,418504.3405
2025-10-06 06:00:00,0.21791,0.21958,0.21785,0.21944,2653411.0,580333.70504
2025-10-06 06:30:00,0.21944,0.22043,0.21893,0.21982,3183150.0,699757.53944
2025-10-06 07:00:00,0.21982,0.22076,0.21947,0.22021,1762449.0,388295.15353
2025-10-06 07:30:00,0.22021,0.22031,0.21795,0.21939,3566913.0,780548.50973
2025-10-06 08:00:00,0.21939,0.22075,0.21939,0.22069,5369160.0,1182525.25206
2025-10-06 08:30:00,0.22069,0.22156,0.22069,0.22135,2594830.0,573994.0306
2025-10-06 09:00:00,0.22135,0.22229,0.22119,0.22156,2518501.0,558359.39343
2025-10-06 09:30:00,0.22156,0.22165,0.22089,0.22106,1682962.0,372315.79794
2025-10-06 10:00:00,0.22106,0.22144,0.22025,0.22114,2313239.0,510866.44176
2025-10-06 10:30:00,0.22114,0.22128,0.22027,0.22091,7052249.0,1557365.08067
2025-10-06 11:00:00,0.22091,0.22217,0.22022,0.22198,3518359.0,777011.43201
2025-10-06 11:30:00,0.22198,0.22321,0.22146,0.22274,5232668.0,1164606.82289
2025-10-06 12:00:00,0.22274,0.22432,0.22274,0.22403,4854674.0,1086044.493
2025-10-06 12:30:00,0.22403,0.22437,0.22365,0.22399,4862977.0,1089006.75364
2025-10-06 13:00:00,0.22399,0.22527,0.22385,0.2248,5529643.0,1241596.57048
2025-10-06 13:30:00,0.2248,0.22578,0.22362,0.22575,8766954.0,1970988.97675
2025-10-06 14:00:00,0.22575,0.22649,0.22496,0.22551,8482906.0,1916069.88607
2025-10-06 14:30:00,0.22551,0.23362,0.22551,0.22897,52459903.0,12097248.49416
2025-10-06 15:00:00,0.22897,0.2314,0.22756,0.23134,19743647.0,4530579.66183
2025-10-06 15:30:00,0.23134,0.23134,0.22952,0.23062,5169555.0,1190548.13082
2025-10-06 16:00:00,0.23062,0.23105,0.22781,0.22789,7735001.0,1772460.49204
2025-10-06 16:30:00,0.22789,0.22943,0.2277,0.22907,4796312.0,1096097.05954
2025-10-06 17:00:00,0.22907,0.23087,0.22863,0.23056,6589974.0,1513121.40147
2025-10-06 17:30:00,0.23056,0.23091,0.22878,0.22966,4902876.0,1126875.36196
2025-10-06 18:00:00,0.22966,0.23097,0.22933,0.22936,6659630.0,1533831.05237
2025-10-06 18:30:00,0.22936,0.23075,0.22854,0.23044,5310455.0,1219881.16666
2025-10-06 19:00:00,0.23044,0.23044,0.2296,0.23007,3227994.0,742542.72311
2025-10-06 19:30:00,0.23007,0.23098,0.2297,0.23021,3320521.0,764227.84813
2025-10-06 20:00:00,0.23021,0.2316,0.22969,0.23044,6373637.0,1469309.43218
2025-10-06 20:30:00,0.23044,0.23094,0.22998,0.23016,3863052.0,890440.08188
2025-10-06 21:00:00,0.23016,0.23109,0.23003,0.23109,6459436.0,1490173.81921
2025-10-06 21:30:00,0.23109,0.23236,0.22925,0.23236,9281067.0,2142031.03362
2025-10-06 22:00:00,0.23236,0.23309,0.23214,0.23268,7989369.0,1858712.51649
2025-10-06 22:30:00,0.23268,0.23278,0.23133,0.23196,6471487.0,1501619.77327
2025-10-06 23:00:00,0.23196,0.23217,0.23061,0.23142,4301058.0,994648.62626
2025-10-06 23:30:00,0.23142,0.23146,0.23005,0.23017,2446734.0,564189.32996
2025-10-07 00:00:00,0.23017,0.23108,0.22933,0.22934,4001089.0,920195.19623
2025-10-07 00:30:00,0.22934,0.23,0.22885,0.22953,3521803.0,807780.16247
2025-10-07 01:00:00,0.22953,0.23082,0.22872,0.22989,3645531.0,837349.75839
2025-10-07 01:30:00,0.22989,0.23016,0.22909,0.22956,3328614.0,764590.53122
2025-10-07 02:00:00,0.22956,0.23032,0.22878,0.22954,2156766.0,495188.25747
2025-10-07 02:30:00,0.22954,0.2298,0.22837,0.2289,2468502.0,564975.99495
2025-10-07 03:00:00,0.2289,0.22924,0.22776,0.22781,4028881.0,920823.93357
2025-10-07 03:30:00,0.22781,0.22864,0.22777,0.22844,1651688.0,376888.74675
2025-10-07 04:00:00,0.22844,0.22857,0.22652,0.22837,5985659.0,1360760.51982
2025-10-07 04:30:00,0.22837,0.23007,0.2283,0.22928,6622003.0,1519155.18448
2025-10-07 05:00:00,0.22928,0.22975,0.22857,0.22927,2221344.0,508934.34186
2025-10-07 05:30:00,0.22927,0.22994,0.22876,0.22889,3182506.0,730062.96032
2025-10-07 06:00:00,0.22889,0.2293,0.22684,0.22695,4715533.0,1074518.03554
2025-10-07 06:30:00,0.22695,0.22749,0.22579,0.22593,6932882.0,1569006.85349
2025-10-07 07:00:00,0.22593,0.22712,0.22579,0.2269,2944781.0,667045.65726
2025-10-07 07:30:00,0.2269,0.22693,0.22479,0.22544,6706543.0,1511900.47119
2025-10-07 08:00:00,0.22544,0.22548,0.22399,0.2243,7608194.0,1708409.31546
2025-10-07 08:30:00,0.2243,0.22566,0.22338,0.22512,3848533.0,863851.02214
2025-10-07 09:00:00,0.22512,0.22605,0.22441,0.22482,6384071.0,1437323.22625
2025-10-07 09:30:00,0.22482,0.22534,0.22416,0.22463,5147306.0,1156109.15278
2025-10-07 10:00:00,0.22463,0.2256,0.22417,0.22464,3860383.0,868216.02277
2025-10-07 10:30:00,0.22464,0.22557,0.22461,0.22527,2597919.0,584580.00569
2025-10-07 11:00:00,0.22527,0.22613,0.22504,0.22555,3211756.0,725055.69574
2025-10-07 11:30:00,0.22555,0.22602,0.22441,0.22548,2983658.0,671877.11409
2025-10-07 12:00:00,0.22548,0.22582,0.22456,0.2252,3035290.0,683658.73646
2025-10-07 12:30:00,0.2252,0.22761,0.22481,0.22755,4217480.0,955437.0346
2025-10-07 13:00:00,0.22755,0.22815,0.22674,0.22815,6177088.0,1405407.93318
2025-10-07 13:30:00,0.22815,0.22817,0.22354,0.22497,19113058.0,4302789.52878
2025-10-07 14:00:00,0.22497,0.22527,0.22107,0.2215,18265830.0,4067181.13187
2025-10-07 14:30:00,0.2215,0.22237,0.21971,0.21986,11724865.0,2590004.3109
2025-10-07 15:00:00,0.21986,0.22007,0.21731,0.21841,37427533.0,8184076.85527
2025-10-07 15:30:00,0.21841,0.21857,0.21637,0.21717,17511637.0,3805705.54281
2025-10-07 16:00:00,0.21717,0.21754,0.21602,0.21659,12140260.0,2630574.00175
2025-10-07 16:30:00,0.21659,0.21998,0.21659,0.21882,7003623.0,1532325.39463
2025-10-07 17:00:00,0.21882,0.21964,0.21858,0.2192,3354823.0,734966.07291
2025-10-07 17:30:00,0.2192,0.21953,0.21819,0.21819,3172666.0,694717.99774
2025-10-07 18:00:00,0.21819,0.219,0.21755,0.21802,4762358.0,1038032.64515
2025-10-07 18:30:00,0.21802,0.21834,0.2168,0.2168,5724187.0,1245613.4885
2025-10-07 19:00:00,0.2168,0.21825,0.21665,0.21749,7054656.0,1534370.14676
2025-10-07 19:30:00,0.21749,0.21867,0.21692,0.21742,5530223.0,1204457.60274
2025-10-07 20:00:00,0.21742,0.21961,0.21735,0.21953,5498083.0,1204385.22565
2025-10-07 20:30:00,0.21953,0.22073,0.21914,0.21966,6388373.0,1403957.3666
2025-10-07 21:00:00,0.21966,0.22152,0.21927,0.22126,13702705.0,3020507.82566
2025-10-07 21:30:00,0.22126,0.22142,0.21924,0.21943,2439482.0,537130.75616
2025-10-07 22:00:00,0.21943,0.22074,0.21878,0.21969,2323087.0,510183.23047
2025-10-07 22:30:00,0.21969,0.22031,0.21915,0.21926,705459.0,154932.74857
2025-10-07 23:00:00,0.21926,0.21932,0.21839,0.21868,1405486.0,307413.73293
2025-10-07 23:30:00,0.21868,0.21868,0.21753,0.21801,4250700.0,926717.90034
2025-10-08 00:00:00,0.21801,0.2195,0.21792,0.21896,3011929.0,658831.64809
2025-10-08 00:30:00,0.21896,0.22078,0.21792,0.22036,3426097.0,753253.46489
2025-10-08 01:00:00,0.22036,0.22132,0.21978,0.22077,2777903.0,612349.04475
2025-10-08 01:30:00,0.22077,0.22109,0.21989,0.22032,1969861.0,434255.14201
2025-10-08 02:00:00,0.22032,0.22141,0.21979,0.22116,1781196.0,392844.97807
2025-10-08 02:30:00,0.22116,0.22128,0.21968,0.22001,2316961.0,510420.58966
2025-10-08 03:00:00,0.22001,0.22001,0.21612,0.21688,5904327.0,1284822.66444
2025-10-08 03:30:00,0.21688,0.21774,0.21658,0.21702,3539295.0,768181.36022
2025-10-08 04:00:00,0.21702,0.21828,0.21555,0.21749,5867995.0,1270896.89221
2025-10-08 04:30:00,0.21749,0.21845,0.21749,0.21808,1674380.0,365034.61397
2025-10-08 05:00:00,0.21808,0.21808,0.21592,0.21631,3437971.0,745289.11537
2025-10-08 05:30:00,0.21631,0.21667,0.21515,0.21619,3428187.0,739553.83997
2025-10-08 06:00:00,0.21619,0.21658,0.21518,0.21565,2582386.0,557549.11713
2025-10-08 06:30:00,0.21565,0.21628,0.21535,0.21594,2842772.0,613471.24219
2025-10-08 07:00:00,0.21594,0.21649,0.2154,0.21595,1930200.0,416583.45289
2025-10-08 07:30:00,0.21595,0.21707,0.21535,0.21697,4656569.0,1007037.94771
2025-10-08 08:00:00,0.21697,0.21788,0.21673,0.21707,3497038.0,759666.41641
2025-10-08 08:30:00,0.21707,0.21879,0.21697,0.21792,2760370.0,602083.73919
2025-10-08 09:00:00,0.21792,0.21812,0.21688,0.21703,3270271.0,711301.06245
2025-10-08 09:30:00,0.21703,0.21811,0.21683,0.21811,1359472.0,295644.12293
2025-10-08 10:00:00,0.21811,0.21899,0.21796,0.21827,3311128.0,723456.07353
2025-10-08 10:30:00,0.21827,0.21893,0.21805,0.21865,1526051.0,333686.43933
2025-10-08 11:00:00,0.21865,0.219,0.21768,0.21785,3607125.0,787381.12187
2025-10-08 11:30:00,0.21785,0.21786,0.21714,0.21749,1806945.0,392992.74943
2025-10-08 12:00:00,0.21749,0.21801,0.21682,0.21733,2538382.0,551676.19395
2025-10-08 12:30:00,0.21733,0.21807,0.21681,0.21784,1199744.0,261124.06316
2025-10-08 13:00:00,0.21784,0.21843,0.21687,0.21688,2991507.0,651310.84154
2025-10-08 13:30:00,0.21688,0.21781,0.21552,0.21776,5908088.0,1279078.41008
2025-10-08 14:00:00,0.21776,0.21997,0.21773,0.218,6767512.0,1482963.94653
2025-10-08 14:30:00,0.218,0.21849,0.21613,0.21643,4989927.0,1082689.54061
2025-10-08 15:00:00,0.21643,0.21831,0.21637,0.21771,2440358.0,530492.48028
2025-10-08 15:30:00,0.21771,0.21771,0.21652,0.21691,2119173.0,459905.0318
2025-10-08 16:00:00,0.21691,0.21848,0.21637,0.21807,2297213.0,500087.24094
2025-10-08 16:30:00,0.21807,0.21915,0.21742,0.21914,3276118.0,715431.42943
2025-10-08 17:00:00,0.21914,0.22199,0.21912,0.22138,5634688.0,1244526.74496
2025-10-08 17:30:00,0.22138,0.22225,0.22057,0.22137,4947777.0,1095520.62054
2025-10-08 18:00:00,0.22137,0.22182,0.22051,0.22069,7825437.0,1729820.35722
2025-10-08 18:30:00,0.22069,0.22109,0.21977,0.22044,7360336.0,1622589.02528
2025-10-08 19:00:00,0.22044,0.22053,0.21934,0.2202,4120342.0,905842.58114
2025-10-08 19:30:00,0.2202,0.22078,0.21971,0.22003,2254758.0,496230.1467
2025-10-08 20:00:00,0.22003,0.22076,0.21951,0.22039,1626179.0,358117.38756
2025-10-08 20:30:00,0.22039,0.22039,0.21889,0.21905,4313765.0,947173.04185
2025-10-08 21:00:00,0.21905,0.22007,0.21896,0.21946,3687287.0,809026.64209
2025-10-08 21:30:00,0.21946,0.22008,0.21908,0.21974,1624279.0,356647.95959
2025-10-08 22:00:00,0.21974,0.22067,0.21966,0.21978,1980197.0,435853.17972
2025-10-08 22:30:00,0.21978,0.22028,0.2193,0.2193,1468373.0,322961.64628
2025-10-08 23:00:00,0.2193,0.21965,0.21838,0.21964,3028188.0,662570.01826
2025-10-08 23:30:00,0.21964,0.22003,0.21903,0.21954,1521351.0,334218.47344
2025-10-09 00:00:00,0.21954,0.21988,0.21874,0.21879,2114917.0,463594.69102
2025-10-09 00:30:00,0.21879,0.21945,0.21859,0.21887,2255604.0,493729.98994
2025-10-09 01:00:00,0.21887,0.21889,0.21795,0.21823,3678311.0,803506.29482
2025-10-09 01:30:00,0.21823,0.21825,0.21401,0.21638,25860280.0,5578696.63839
2025-10-09 02:00:00,0.21638,0.21638,0.21441,0.21444,4839711.0,1041031.57434
2025-10-09 02:30:00,0.21444,0.21483,0.21268,0.21303,9032529.0,1929245.61332
2025-10-09 03:00:00,0.21303,0.21449,0.21301,0.21392,2713072.0,580332.58326
2025-10-09 03:30:00,0.21392,0.21473,0.21385,0.21428,1762529.0,377875.84995
2025-10-09 04:00:00,0.21428,0.21497,0.21348,0.21496,2308649.0,494816.37143
2025-10-09 04:30:00,0.21496,0.21508,0.21371,0.21501,2089863.0,448059.53605
2025-10-09 05:00:00,0.21501,0.21516,0.21385,0.21468,2472969.0,530475.25724
2025-10-09 05:30:00,0.21468,0.21519,0.21405,0.2144,1609928.0,345215.29059
2025-10-09 06:00:00,0.2144,0.21447,0.21322,0.21402,2872468.0,614055.37107
2025-10-09 06:30:00,0.21402,0.21437,0.21314,0.21325,1578195.0,337531.83404
2025-10-09 07:00:00,0.21325,0.21352,0.21263,0.2131,5531945.0,1178878.65439
2025-10-09 07:30:00,0.2131,0.21352,0.21201,0.21226,5465166.0,1161898.85454
2025-10-09 08:00:00,0.21226,0.21284,0.21033,0.21048,11881307.0,2515363.49639
2025-10-09 08:30:00,0.21048,0.21129,0.20969,0.20991,11716946.0,2465280.50857
2025-10-09 09:00:00,0.20991,0.21121,0.20991,0.21085,5391649.0,1135751.63802
2025-10-09 09:30:00,0.21085,0.21212,0.21067,0.21172,8912989.0,1885516.76898
2025-10-09 10:00:00,0.21172,0.21217,0.21039,0.21057,4516943.0,954648.34883
2025-10-09 10:30:00,0.21057,0.2117,0.21057,0.21142,3937721.0,832270.8646
2025-10-09 11:00:00,0.21142,0.2132,0.21126,0.2132,6956708.0,1477962.23799
2025-10-09 11:30:00,0.2132,0.21335,0.21252,0.21282,2676533.0,569805.31583
2025-10-09 12:00:00,0.21282,0.2143,0.21262,0.21387,4532667.0,969011.15668
2025-10-09 12:30:00,0.21387,0.21732,0.21348,0.21701,13711572.0,2954221.43441
2025-10-09 13:00:00,0.21701,0.21725,0.2136,0.21408,23226493.0,4999658.77217
2025-10-09 13:30:00,0.21408,0.21412,0.21226,0.21242,4843432.0,1032729.33842
2025-10-09 14:00:00,0.21242,0.21307,0.21115,0.21139,8026007.0,1703054.32615
2025-10-09 14:30:00,0.21139,0.21201,0.20986,0.21161,13956839.0,2940699.33763
2025-10-09 15:00:00,0.21161,0.21336,0.21089,0.2109,10320055.0,2192270.52056
2025-10-09 15:30:00,0.2109,0.21172,0.21031,0.21096,7282531.0,1536057.4192
2025-10-09 16:00:00,0.21096,0.21174,0.2101,0.21082,3839304.0,809371.33402
2025-10-09 16:30:00,0.21082,0.21092,0.20852,0.20893,9121419.0,1911854.08266
2025-10-09 17:00:00,0.20893,0.21081,0.20879,0.20974,7047458.0,1479598.93157
2025-10-09 17:30:00,0.20974,0.21181,0.20971,0.2117,8335886.0,1758388.30367
2025-10-09 18:00:00,0.2117,0.21198,0.21057,0.21069,7593206.0,1603296.77137
2025-10-09 18:30:00,0.21069,0.21095,0.21017,0.21017,2072847.0,436455.65354
2025-10-09 19:00:00,0.21017,0.2121,0.21012,0.21179,2589000.0,546143.32041
2025-10-09 19:30:00,0.21179,0.21179,0.21064,0.21108,1622990.0,342670.21358
2025-10-09 20:00:00,0.21108,0.21189,0.21032,0.21049,2074140.0,437634.57177
2025-10-09 20:30:00,0.21049,0.21106,0.21041,0.21098,1900723.0,400590.32229
2025-10-09 21:00:00,0.21098,0.21184,0.21073,0.21126,2271289.0,479677.24796
2025-10-09 21:30:00,0.21126,0.21178,0.21102,0.21172,1106416.0,234008.87523
2025-10-09 22:00:00,0.21172,0.21297,0.21135,0.21284,3110152.0,660260.17931
2025-10-09 22:30:00,0.21284,0.21435,0.21258,0.21374,4962010.0,1059740.93766
2025-10-09 23:00:00,0.21374,0.21377,0.21253,0.21294,2619029.0,558077.10225
2025-10-09 23:30:00,0.21294,0.21314,0.21241,0.21282,3135812.0,667064.43244
2025-10-10 00:00:00,0.21282,0.21345,0.2126,0.21345,3174807.0,675911.56816
2025-10-10 00:30:00,0.21345,0.21353,0.21234,0.21316,1586884.0,337943.84221
2025-10-10 01:00:00,0.21316,0.21402,0.21313,0.21357,871083.0,186073.951
2025-10-10 01:30:00,0.21357,0.21383,0.21282,0.21322,1787473.0,381264.80696
2025-10-10 02:00:00,0.21322,0.21326,0.21196,0.21259,2171997.0,461970.58447
2025-10-10 02:30:00,0.21259,0.21264,0.21117,0.21138,1595568.0,337834.71264
2025-10-10 03:00:00,0.21138,0.21374,0.21072,0.21373,2187138.0,463460.84161
2025-10-10 03:30:00,0.21373,0.21515,0.21373,0.21393,7859048.0,1685110.78869
2025-10-10 04:00:00,0.21393,0.21524,0.21374,0.21382,2896577.0,621246.97693
2025-10-10 04:30:00,0.21382,0.21449,0.21344,0.21408,1832621.0,391917.55709
2025-10-10 05:00:00,0.21408,0.21443,0.21289,0.21386,1754844.0,374950.39309
2025-10-10 05:30:00,0.21386,0.21521,0.21312,0.21519,1535858.0,328805.63473
2025-10-10 06:00:00,0.21519,0.21591,0.21408,0.21411,1552518.0,333942.11988
2025-10-10 06:30:00,0.21411,0.2147,0.2131,0.21381,1765590.0,377342.64216
2025-10-10 07:00:00,0.21381,0.21406,0.213,0.21362,1701830.0,363283.34615
2025-10-10 07:30:00,0.21362,0.21365,0.21233,0.21252,2322983.0,494779.37511
2025-10-10 08:00:00,0.21252,0.21404,0.21215,0.21387,1908091.0,407024.25556
2025-10-10 08:30:00,0.21387,0.21479,0.21296,0.21467,1526255.0,326463.86212
2025-10-10 09:00:00,0.21467,0.21526,0.21361,0.21515,2914998.0,624537.28495
2025-10-10 09:30:00,0.21515,0.21559,0.21383,0.21411,5546977.0,1192181.50713
2025-10-10 10:00:00,0.21411,0.21485,0.21399,0.21444,2095053.0,449328.49189
2025-10-10 10:30:00,0.21444,0.21519,0.21402,0.21485,832902.0,178755.84678
2025-10-10 11:00:00,0.21485,0.2153,0.21425,0.2145,1896582.0,407343.81455
2025-10-10 11:30:00,0.2145,0.21579,0.21443,0.21535,2168801.0,466545.02611
2025-10-10 12:00:00,0.21535,0.21599,0.21474,0.21549,1841367.0,396613.50498
2025-10-10 12:30:00,0.21549,0.21616,0.21473,0.21611,2390688.0,515092.67271
2025-10-10 13:00:00,0.21611,0.21642,0.21507,0.21601,5436351.0,1173008.74688
2025-10-10 13:30:00,0.21601,0.21674,0.21499,0.21586,5078215.0,1096289.42744
2025-10-10 14:00:00,0.21586,0.21682,0.21465,0.21477,3380142.0,729214.35754
2025-10-10 14:30:00,0.21477,0.21528,0.21241,0.21269,10268180.0,2193709.38449
2025-10-10 15:00:00,0.21269,0.21292,0.20712,0.20749,27785258.0,5836172.50619
2025-10-10 15:30:00,0.20749,0.20841,0.2042,0.20646,41236401.0,8502467.12841
2025-10-10 16:00:00,0.20646,0.20774,0.20566,0.20702,7221179.0,1492455.67207
2025-10-10 16:30:00,0.20702,0.20807,0.20587,0.20604,6269071.0,1296038.4903
2025-10-10 17:00:00,0.20604,0.20643,0.20482,0.20607,9347812.0,1920388.19168
2025-10-10 17:30:00,0.20607,0.20622,0.20412,0.20473,3961501.0,811663.1576
2025-10-10 18:00:00,0.20473,0.20564,0.20419,0.20483,5371148.0,1100158.35545
2025-10-10 18:30:00,0.20483,0.20512,0.20354,0.20377,7124222.0,1454460.76119
2025-10-10 19:00:00,0.20377,0.20419,0.20058,0.20068,15592364.0,3159235.17984
2025-10-10 19:30:00,0.20068,0.20344,0.20062,0.20214,11228907.0,2267467.54807
2025-10-10 20:00:00,0.20214,0.20408,0.20173,0.20405,6505391.0,1319958.29477
2025-10-10 20:30:00,0.20405,0.20422,0.1859,0.19031,91156792.0,17786493.96861
2025-10-10 21:00:00,0.19031,0.19325,0.07796,0.11701,260142414.0,39869375.8486
2025-10-10 21:30:00,0.11701,0.15833,0.11664,0.15498,144406051.0,20511389.42888
2025-10-10 22:00:00,0.15498,0.15934,0.1387,0.1567,173850474.0,26060626.32859
2025-10-10 22:30:00,0.1567,0.16593,0.15383,0.16356,51608330.0,8304567.22821
2025-10-10 23:00:00,0.16356,0.16842,0.16036,0.16805,34261662.0,5605162.93116
2025-10-10 23:30:00,0.16805,0.17252,0.16241,0.16403,30005563.0,5020087.35855
2025-10-11 00:00:00,0.16403,0.16903,0.16172,0.16713,39197397.0,6461761.94702
2025-10-11 00:30:00,0.16713,0.16956,0.1633,0.16652,19782650.0,3292413.10483
2025-10-11 01:00:00,0.16652,0.16686,0.16112,0.16238,12649234.0,2074623.18252
2025-10-11 01:30:00,0.16238,0.16462,0.16038,0.16199,11206943.0,1821118.83131
2025-10-11 02:00:00,0.16199,0.17077,0.16177,0.17062,22851519.0,3813270.06072
2025-10-11 02:30:00,0.17062,0.17113,0.16931,0.16982,10463676.0,1780610.28404
2025-10-11 03:00:00,0.16982,0.17081,0.16552,0.16629,11277875.0,1886644.19892
2025-10-11 03:30:00,0.16629,0.16811,0.16538,0.16761,8138167.0,1355219.03507
2025-10-11 04:00:00,0.16761,0.16952,0.16714,0.1695,7448079.0,1254930.66256
2025-10-11 04:30:00,0.1695,0.17105,0.16798,0.17095,7084016.0,1199517.65756
2025-10-11 05:00:00,0.17095,0.17133,0.16737,0.16737,7405960.0,1255765.53968
2025-10-11 05:30:00,0.16737,0.16927,0.1668,0.16777,7616634.0,1276764.33631
2025-10-11 06:00:00,0.16777,0.16975,0.16713,0.16958,5823013.0,981781.85851
2025-10-11 06:30:00,0.16958,0.17044,0.16824,0.16861,7351237.0,1245699.34529
2025-10-11 07:00:00,0.16861,0.17029,0.16781,0.16921,6243769.0,1053933.61832
2025-10-11 07:30:00,0.16921,0.17022,0.1685,0.16938,6712719.0,1137347.23659
2025-10-11 08:00:00,0.16938,0.17313,0.16851,0.17211,9382302.0,1604089.19778
2025-10-11 08:30:00,0.17211,0.17494,0.17148,0.17453,5139456.0,891459.38624
2025-10-11 09:00:00,0.17453,0.17682,0.17429,0.17676,9379506.0,1647622.42257
2025-10-11 09:30:00,0.17676,0.17689,0.17437,0.17471,8996460.0,1579189.96677
2025-10-11 10:00:00,0.17471,0.17671,0.17451,0.17657,5919125.0,1040533.28036
2025-10-11 10:30:00,0.17657,0.17683,0.17385,0.17536,9048936.0,1583640.86832
2025-10-11 11:00:00,0.17536,0.17589,0.17345,0.17534,5531472.0,966324.82897
2025-10-11 11:30:00,0.17534,0.17547,0.17448,0.17513,3065754.0,536135.50389
2025-10-11 12:00:00,0.17513,0.17514,0.1737,0.17459,3297726.0,575086.20895
2025-10-11 12:30:00,0.17459,0.1746,0.17173,0.17276,7404665.0,1281207.51973
2025-10-11 13:00:00,0.17276,0.17295,0.17123,0.1717,3909391.0,672432.57105
2025-10-11 13:30:00,0.1717,0.17276,0.16948,0.1724,9221433.0,1575653.88631
2025-10-11 14:00:00,0.1724,0.17297,0.17107,0.1715,3117313.0,536119.7605
2025-10-11 14:30:00,0.1715,0.17339,0.17139,0.17322,4908142.0,846887.30214
2025-10-11 15:00:00,0.17322,0.17532,0.17313,0.17488,5858299.0,1022409.74406
2025-10-11 15:30:00,0.17488,0.17538,0.17387,0.17471,4696937.0,819630.91256
2025-10-11 16:00:00,0.17471,0.1759,0.1746,0.17517,6472304.0,1134700.4297
2025-10-11 16:30:00,0.17517,0.17527,0.17329,0.17391,5667895.0,986788.6747
2025-10-11 17:00:00,0.17391,0.17567,0.1739,0.17483,3925092.0,686253.80224
2025-10-11 17:30:00,0.17483,0.17501,0.17408,0.17488,3128736.0,546044.09748
2025-10-11 18:00:00,0.17488,0.17505,0.17343,0.17354,2379148.0,414059.43949
2025-10-11 18:30:00,0.17354,0.17387,0.17277,0.17278,2290571.0,396956.37077
2025-10-11 19:00:00,0.17278,0.17282,0.16818,0.16928,15509410.0,2636659.45467
2025-10-11 19:30:00,0.16928,0.1693,0.1655,0.16709,19099569.0,3192683.9012
2025-10-11 20:00:00,0.16709,0.16764,0.16452,0.16556,13774887.0,2287812.92242
2025-10-11 20:30:00,0.16556,0.16607,0.16309,0.16408,12669737.0,2083263.47972
2025-10-11 21:00:00,0.16408,0.16735,0.16163,0.1657,18036683.0,2968677.48084
2025-10-11 21:30:00,0.1657,0.16744,0.16524,0.16702,6090805.0,1012471.13291
2025-10-11 22:00:00,0.16702,0.16882,0.16682,0.16844,5544241.0,929631.47301
2025-10-11 22:30:00,0.16844,0.16913,0.16789,0.16884,2640994.0,445313.27212
2025-10-11 23:00:00,0.16884,0.16921,0.16815,0.16873,3217188.0,542726.64687
2025-10-11 23:30:00,0.16873,0.16891,0.16767,0.1679,2531109.0,425642.02245
2025-10-12 00:00:00,0.1679,0.16829,0.16642,0.1665,6609256.0,1106662.23467
2025-10-12 00:30:00,0.1665,0.16817,0.1649,0.16527,4901769.0,817192.36236
2025-10-12 01:00:00,0.16527,0.16723,0.16516,0.16583,3417697.0,567387.50354
2025-10-12 01:30:00,0.16583,0.16669,0.16482,0.165,3252147.0,539188.99316
2025-10-12 02:00:00,0.165,0.16659,0.1645,0.16641,3315945.0,548330.24996
2025-10-12 02:30:00,0.16641,0.16727,0.16452,0.16588,3530683.0,584981.82812
2025-10-12 03:00:00,0.16588,0.16884,0.1655,0.16825,6826108.0,1145245.9591
2025-10-12 03:30:00,0.16825,0.16969,0.16823,0.16848,4645852.0,784894.27616
2025-10-12 04:00:00,0.16848,0.17041,0.16809,0.17011,6349380.0,1076549.42373
2025-10-12 04:30:00,0.17011,0.17082,0.16974,0.17006,5765441.0,981177.83168
2025-10-12 05:00:00,0.17006,0.17011,0.16906,0.17008,4652756.0,789337.8201
2025-10-12 05:30:00,0.17008,0.17099,0.16992,0.17049,5325105.0,908135.68048
2025-10-12 06:00:00,0.17049,0.17208,0.17036,0.17183,3883943.0,665423.16908
2025-10-12 06:30:00,0.17183,0.17185,0.1708,0.17158,3846041.0,659091.67002
2025-10-12 07:00:00,0.17158,0.17202,0.17034,0.17034,4704351.0,806262.91354
2025-10-12 07:30:00,0.17034,0.17232,0.17016,0.172,7634183.0,1305698.20748
2025-10-12 08:00:00,0.172,0.1728,0.17179,0.17247,2090912.0,360258.3877
2025-10-12 08:30:00,0.17247,0.17247,0.17062,0.17078,2714032.0,465120.79945
2025-10-12 09:00:00,0.17078,0.17078,0.16905,0.16988,3943730.0,670000.52318
2025-10-12 09:30:00,0.16988,0.17099,0.16955,0.17083,3599010.0,611720.13796
2025-10-12 10:00:00,0.17083,0.17178,0.1696,0.16989,2413352.0,411871.18903
2025-10-12 10:30:00,0.16989,0.17007,0.16935,0.16948,1373060.0,233030.19298
2025-10-12 11:00:00,0.16948,0.17075,0.16948,0.1701,1332367.0,226523.22995
2025-10-12 11:30:00,0.1701,0.17088,0.16992,0.17034,1586277.0,270114.56923
2025-10-12 12:00:00,0.17034,0.17227,0.17023,0.1719,3152357.0,541021.57371
2025-10-12 12:30:00,0.1719,0.17248,0.17119,0.17151,2051398.0,352549.7457
2025-10-12 13:00:00,0.17151,0.17178,0.16971,0.17029,2709258.0,463116.86689
2025-10-12 13:30:00,0.17029,0.17036,0.16838,0.16901,5128648.0,867881.76157
2025-10-12 14:00:00,0.16901,0.17056,0.1689,0.17009,3363579.0,571830.591
2025-10-12 14:30:00,0.17009,0.17659,0.16896,0.17438,40528333.0,7045557.95728
2025-10-12 15:00:00,0.17438,0.181,0.17401,0.18022,21817876.0,3880658.17827
2025-10-12 15:30:00,0.18022,0.18134,0.17657,0.18062,14365032.0,2563222.6378
2025-10-12 16:00:00,0.18062,0.18462,0.18062,0.18372,14661785.0,2684307.25655
2025-10-12 16:30:00,0.18372,0.18646,0.18165,0.18514,19206458.0,3544900.15422
2025-10-12 17:00:00,0.18514,0.18629,0.1846,0.18564,9654657.0,1792495.94757
2025-10-12 17:30:00,0.18564,0.18591,0.18357,0.1851,5572034.0,1029846.497
2025-10-12 18:00:00,0.1851,0.1862,0.18424,0.18491,4389556.0,813179.59384
2025-10-12 18:30:00,0.18491,0.18522,0.18271,0.18372,7267682.0,1333345.99864
2025-10-12 19:00:00,0.18372,0.18654,0.18356,0.18627,3456260.0,641046.64484
2025-10-12 19:30:00,0.18627,0.18672,0.18552,0.18665,1858767.0,345984.23933
2025-10-12 20:00:00,0.18665,0.18697,0.18567,0.18644,4072514.0,759023.04871
2025-10-12 20:30:00,0.18644,0.1882,0.1858,0.18625,5250167.0,981129.55568
2025-10-12 21:00:00,0.18625,0.18776,0.18338,0.18458,8989363.0,1664029.10449
2025-10-12 21:30:00,0.18458,0.18507,0.18259,0.185,5784463.0,1064011.14733
2025-10-12 22:00:00,0.185,0.18637,0.18426,0.18454,5160069.0,956483.13471
2025-10-12 22:30:00,0.18454,0.18543,0.18427,0.18479,2401412.0,443813.28964
2025-10-12 23:00:00,0.18479,0.18496,0.18344,0.18441,6316565.0,1165093.48373
2025-10-12 23:30:00,0.18441,0.18543,0.18434,0.18513,3874885.0,716798.4398
2025-10-13 00:00:00,0.18513,0.18626,0.18379,0.1846,8369790.0,1546973.82138
2025-10-13 00:30:00,0.1846,0.1846,0.18264,0.18335,8607395.0,1579277.83269
2025-10-13 01:00:00,0.18335,0.18377,0.18231,0.18291,10604994.0,1941386.13823
2025-10-13 01:30:00,0.18291,0.18494,0.1828,0.18494,6389449.0,1173815.6137
2025-10-13 02:00:00,0.18494,0.1855,0.18287,0.18337,5929106.0,1091747.66239
2025-10-13 02:30:00,0.18337,0.18462,0.18293,0.18454,2062921.0,379377.82953
2025-10-13 03:00:00,0.18454,0.18543,0.18432,0.1844,2494699.0,461128.91899
2025-10-13 03:30:00,0.1844,0.18454,0.18308,0.18381,2040094.0,374625.90963
2025-10-13 04:00:00,0.18381,0.18423,0.18312,0.18349,1465761.0,269207.85317
2025-10-13 04:30:00,0.18349,0.18543,0.18335,0.18515,3530795.0,650400.35779
2025-10-13 05:00:00,0.18515,0.18535,0.18387,0.18452,2011995.0,371372.32484
2025-10-13 05:30:00,0.18452,0.18452,0.18381,0.18399,1195273.0,220084.51667
2025-10-13 06:00:00,0.18399,0.18506,0.18292,0.18504,3649358.0,671653.15204
2025-10-13 06:30:00,0.18504,0.18729,0.18493,0.18704,4755654.0,884836.13438
2025-10-13 07:00:00,0.18704,0.1892,0.18664,0.18884,3834834.0,720535.62357
2025-10-13 07:30:00,0.18884,0.18959,0.18666,0.18699,5055836.0,949320.87836
2025-10-13 08:00:00,0.18699,0.18817,0.18678,0.18807,5201034.0,974943.07726
2025-10-13 08:30:00,0.18807,0.18967,0.18807,0.18912,4891722.0,923566.77682
2025-10-13 09:00:00,0.18912,0.18952,0.18752,0.18798,4457289.0,839787.17702
2025-10-13 09:30:00,0.18798,0.18998,0.18786,0.18992,4149969.0,785607.58325
2025-10-13 10:00:00,0.18992,0.19032,0.18789,0.18816,5317158.0,1005335.51046
2025-10-13 10:30:00,0.18816,0.18929,0.18743,0.1887,2023695.0,381170.90267
2025-10-13 11:00:00,0.1887,0.18871,0.18273,0.18293,17999911.0,3349422.46202
2025-10-13 11:30:00,0.18293,0.18695,0.18292,0.18614,9683753.0,1791532.8952
2025-10-13 12:00:00,0.18614,0.18736,0.1848,0.18651,6683717.0,1243188.8282
2025-10-13 12:30:00,0.18651,0.18893,0.18627,0.187,7962326.0,1496669.06253
2025-10-13 13:00:00,0.187,0.18787,0.18631,0.18651,4263916.0,798125.77624
2025-10-13 13:30:00,0.18651,0.19099,0.18644,0.19012,23045250.0,4360031.245
2025-10-13 14:00:00,0.19012,0.19073,0.18626,0.18688,13583451.0,2558147.25466
2025-10-13 14:30:00,0.18688,0.18836,0.18502,0.18587,10534258.0,1965085.33487
2025-10-13 15:00:00,0.18587,0.18904,0.18579,0.18745,4585738.0,860093.74036
2025-10-13 15:30:00,0.18745,0.18871,0.18678,0.18788,3203441.0,602044.31357
2025-10-13 16:00:00,0.18788,0.18937,0.18718,0.18819,6564512.0,1236567.49759
2025-10-13 16:30:00,0.18819,0.18925,0.18713,0.18866,5655246.0,1064524.03536
2025-10-13 17:00:00,0.18866,0.19038,0.18826,0.1887,5778617.0,1093244.02585
2025-10-13 17:30:00,0.1887,0.19063,0.18731,0.19049,7346967.0,1386007.72579
2025-10-13 18:00:00,0.19049,0.19113,0.18935,0.19096,5731588.0,1089882.5092
2025-10-13 18:30:00,0.19096,0.19155,0.18949,0.19024,4535991.0,864270.37104
2025-10-13 19:00:00,0.19024,0.19222,0.18982,0.19192,4714778.0,902780.86434
2025-10-13 19:30:00,0.19192,0.19346,0.19182,0.19327,7439566.0,1433016.9912
2025-10-13 20:00:00,0.19327,0.19341,0.19235,0.1928,1757575.0,338904.60476
2025-10-13 20:30:00,0.1928,0.19429,0.19229,0.19422,5794066.0,1119063.31357
2025-10-13 21:00:00,0.19422,0.19494,0.19343,0.19382,5253053.0,1020925.84753
2025-10-13 21:30:00,0.19382,0.19425,0.19311,0.1932,2701405.0,523299.90237
2025-10-13 22:00:00,0.1932,0.19414,0.19312,0.19376,2936473.0,568761.28011
2025-10-13 22:30:00,0.19376,0.1945,0.19358,0.19446,2516355.0,488453.47946
2025-10-13 23:00:00,0.19446,0.19533,0.194,0.195,2207005.0,430060.10325
2025-10-13 23:30:00,0.195,0.19542,0.19366,0.19422,2975758.0,578394.92978
2025-10-14 00:00:00,0.19422,0.19483,0.19372,0.19432,3995281.0,776069.93409
2025-10-14 00:30:00,0.19432,0.19493,0.19263,0.19398,5040064.0,975172.22692
2025-10-14 01:00:00,0.19398,0.19436,0.19278,0.19394,3094977.0,598610.78262
2025-10-14 01:30:00,0.19394,0.19442,0.19352,0.19362,1980339.0,383942.35637
2025-10-14 02:00:00,0.19362,0.19367,0.19073,0.19185,7378007.0,1416814.77399
2025-10-14 02:30:00,0.19185,0.19248,0.1903,0.19054,3676007.0,703025.26545
2025-10-14 03:00:00,0.19054,0.19063,0.18819,0.18826,7079651.0,1340365.35693
2025-10-14 03:30:00,0.18826,0.18995,0.18817,0.18932,3338431.0,631327.97612
2025-10-14 04:00:00,0.18932,0.18996,0.18775,0.18846,5535851.0,1043946.20042
2025-10-14 04:30:00,0.18846,0.18847,0.18523,0.18661,7943500.0,1479947.34567
2025-10-14 05:00:00,0.18661,0.18799,0.18607,0.18613,8024848.0,1500720.4684
2025-10-14 05:30:00,0.18613,0.18629,0.18341,0.18407,18610212.0,3436248.51281
2025-10-14 06:00:00,0.18407,0.18513,0.18238,0.1829,5779567.0,1061623.66695
2025-10-14 06:30:00,0.1829,0.18351,0.17697,0.18024,27641611.0,4982567.60516
2025-10-14 07:00:00,0.18024,0.18136,0.17868,0.18073,11122964.0,2001608.06334
2025-10-14 07:30:00,0.18073,0.18078,0.17863,0.17938,11333341.0,2034136.68696
2025-10-14 08:00:00,0.17938,0.18044,0.17804,0.18044,8423509.0,1508874.72937
2025-10-14 08:30:00,0.18044,0.18209,0.18018,0.18075,4856902.0,879628.34834
2025-10-14 09:00:00,0.18075,0.18193,0.18058,0.1811,3428913.0,621118.38366
2025-10-14 09:30:00,0.1811,0.18185,0.18017,0.18099,5567207.0,1007784.93873
2025-10-14 10:00:00,0.18099,0.18099,0.17803,0.17818,8098738.0,1450269.52017
2025-10-14 10:30:00,0.17818,0.17932,0.17611,0.17886,12338790.0,2191798.49065
2025-10-14 11:00:00,0.17886,0.18111,0.17881,0.18064,9303603.0,1677819.85573
2025-10-14 11:30:00,0.18064,0.18165,0.17995,0.18023,4891673.0,883714.25332
2025-10-14 12:00:00,0.18023,0.18031,0.17858,0.17913,4065862.0,729481.35202
2025-10-14 12:30:00,0.17913,0.17945,0.17755,0.17781,5298207.0,944936.29261
2025-10-14 13:00:00,0.17781,0.17902,0.17696,0.17861,5153032.0,916308.40453
2025-10-14 13:30:00,0.17861,0.18029,0.17568,0.17897,19216942.0,3423453.46237
2025-10-14 14:00:00,0.17897,0.18279,0.17822,0.18199,15755464.0,2853137.99128
2025-10-14 14:30:00,0.18199,0.18397,0.18021,0.18148,11529346.0,2099691.24902
2025-10-14 15:00:00,0.18148,0.18315,0.18075,0.18184,5629521.0,1023018.87663
2025-10-14 15:30:00,0.18184,0.186,0.1818,0.18558,15382471.0,2826229.535
2025-10-14 16:00:00,0.18558,0.18886,0.18433,0.18726,22416114.0,4184409.52557
2025-10-14 16:30:00,0.18726,0.18785,0.18445,0.18556,13566180.0,2528006.52498
2025-10-14 17:00:00,0.18556,0.18751,0.18321,0.18671,15486693.0,2871357.0304
2025-10-14 17:30:00,0.18671,0.18718,0.18536,0.18578,7207286.0,1341835.07492
2025-10-14 18:00:00,0.18578,0.18791,0.18567,0.18678,4992511.0,933940.47746
2025-10-14 18:30:00,0.18678,0.18763,0.18624,0.18681,2932617.0,547930.89397
2025-10-14 19:00:00,0.18681,0.18831,0.1866,0.18788,3179241.0,596598.9095
2025-10-14 19:30:00,0.18788,0.18809,0.18381,0.18592,27057671.0,5028335.4789
2025-10-14 20:00:00,0.18592,0.1866,0.18477,0.1859,7554770.0,1404359.59705
2025-10-14 20:30:00,0.1859,0.18646,0.18534,0.18626,2667937.0,495948.64188
2025-10-14 21:00:00,0.18626,0.18651,0.18468,0.18585,3474182.0,645064.71196
2025-10-14 21:30:00,0.18585,0.18797,0.18546,0.18796,4953493.0,926016.69572
2025-10-14 22:00:00,0.18796,0.18998,0.18781,0.18832,7531791.0,1421989.17562
2025-10-14 22:30:00,0.18832,0.18896,0.18789,0.18884,5064602.0,953918.76746
2025-10-14 23:00:00,0.18884,0.19024,0.18866,0.18993,3611877.0,684556.9219
2025-10-14 23:30:00,0.18993,0.19032,0.18959,0.19004,1237924.0,235152.91025
2025-10-15 00:00:00,0.19004,0.19042,0.18877,0.18922,6649299.0,1259115.54389
2025-10-15 00:30:00,0.18922,0.18982,0.18843,0.18934,2815227.0,531831.06007
2025-10-15 01:00:00,0.18934,0.18971,0.1873,0.1875,3863481.0,727468.13691
2025-10-15 01:30:00,0.1875,0.18839,0.18714,0.18808,3036542.0,569661.82069
2025-10-15 02:00:00,0.18808,0.18976,0.18762,0.18969,3603678.0,679824.38352
2025-10-15 02:30:00,0.18969,0.1898,0.18814,0.18822,2758716.0,520763.2437
2025-10-15 03:00:00,0.18822,0.18853,0.18721,0.18799,4297306.0,807343.95606
2025-10-15 03:30:00,0.18799,0.18806,0.18662,0.18738,3374216.0,631741.7095
2025-10-15 04:00:00,0.18738,0.18804,0.1867,0.18784,2049646.0,383750.6122
2025-10-15 04:30:00,0.18784,0.18907,0.18742,0.18872,2408392.0,453166.5793
2025-10-15 05:00:00,0.18872,0.18916,0.18768,0.18788,2866211.0,540797.78501
2025-10-15 05:30:00,0.18788,0.18853,0.18741,0.18812,2497978.0,469757.21749
2025-10-15 06:00:00,0.18812,0.18837,0.18624,0.18657,5465673.0,1022799.50667
2025-10-15 06:30:00,0.18657,0.18891,0.18636,0.18882,6922334.0,1301475.85211
2025-10-15 07:00:00,0.18882,0.18977,0.18823,0.18878,5069613.0,957808.41031
2025-10-15 07:30:00,0.18878,0.1897,0.18803,0.18957,2264040.0,427668.33196
2025-10-15 08:00:00,0.18957,0.19025,0.18922,0.19013,7057893.0,1339083.00649
2025-10-15 08:30:00,0.19013,0.19177,0.1898,0.18987,6900602.0,1316495.75948
2025-10-15 09:00:00,0.18987,0.19029,0.18837,0.18861,7071479.0,1336904.92039
2025-10-15 09:30:00,0.18861,0.1893,0.18778,0.18864,4299315.0,810917.64887
2025-10-15 10:00:00,0.18864,0.1895,0.18818,0.18855,4314707.0,814453.55106
2025-10-15 10:30:00,0.18855,0.18861,0.18767,0.18786,6921587.0,1302306.53117
2025-10-15 11:00:00,0.18786,0.18846,0.18641,0.18747,9309099.0,1743160.85466
2025-10-15 11:30:00,0.18747,0.1883,0.18707,0.18739,3010322.0,564972.03746
2025-10-15 12:00:00,0.18739,0.18756,0.18495,0.18526,7095414.0,1322264.0144
2025-10-15 12:30:00,0.18526,0.18615,0.18462,0.1859,5671985.0,1052089.57759
2025-10-15 13:00:00,0.1859,0.1859,0.18403,0.18405,6256514.0,1154848.81302
2025-10-15 13:30:00,0.18405,0.18575,0.18152,0.18445,23896088.0,4389311.03268
2025-10-15 14:00:00,0.18445,0.18684,0.18437,0.18594,11108975.0,2067307.26782
2025-10-15 14:30:00,0.18594,0.18611,0.18278,0.18368,8292022.0,1528439.49265
2025-10-15 15:00:00,0.18368,0.1848,0.18271,0.1833,6942115.0,1274630.18513
2025-10-15 15:30:00,0.1833,0.18348,0.18033,0.18115,13126886.0,2385827.44433
2025-10-15 16:00:00,0.18115,0.18182,0.1794,0.18132,12758914.0,2304705.11556
2025-10-15 16:30:00,0.18132,0.18221,0.18064,0.18096,4500776.0,816101.42816
2025-10-15 17:00:00,0.18096,0.18116,0.17934,0.18018,8379325.0,1510966.38297
2025-10-15 17:30:00,0.18018,0.18187,0.17966,0.18177,4836044.0,876045.7241
2025-10-15 18:00:00,0.18177,0.18206,0.18081,0.18162,4154816.0,753560.88839
2025-10-15 18:30:00,0.18162,0.18248,0.18089,0.18223,3565043.0,647159.73343
2025-10-15 19:00:00,0.18223,0.18224,0.18097,0.18154,4953635.0,898231.11838
2025-10-15 19:30:00,0.18154,0.18179,0.17948,0.1801,5445481.0,982127.63968
2025-10-15 20:00:00,0.1801,0.18082,0.17915,0.17941,5808529.0,1045250.74738
2025-10-15 20:30:00,0.17941,0.18024,0.17721,0.17886,14010974.0,2501619.76683
2025-10-15 21:00:00,0.17886,0.17974,0.17737,0.17959,4756807.0,848427.19008
2025-10-15 21:30:00,0.17959,0.18039,0.17773,0.17842,2676112.0,479339.2703
2025-10-15 22:00:00,0.17842,0.17977,0.17831,0.17882,2541243.0,454873.5695
2025-10-15 22:30:00,0.17882,0.17931,0.17732,0.17794,3422765.0,610654.20843
2025-10-15 23:00:00,0.17794,0.17891,0.17784,0.1787,3293443.0,587525.59594
2025-10-15 23:30:00,0.1787,0.17933,0.17855,0.17892,2240012.0,400816.54869
2025-10-16 00:00:00,0.17892,0.17923,0.1778,0.17897,6647441.0,1187511.30113
2025-10-16 00:30:00,0.17897,0.17897,0.1776,0.17772,2546101.0,453666.59142
2025-10-16 01:00:00,0.17772,0.17964,0.17768,0.17904,2022803.0,361893.32683
2025-10-16 01:30:00,0.17904,0.18052,0.17883,0.18002,2660613.0,478621.70488
2025-10-16 02:00:00,0.18002,0.18102,0.17964,0.18012,3081024.0,555327.06143
2025-10-16 02:30:00,0.18012,0.18029,0.17891,0.18003,1881804.0,338049.13278
2025-10-16 03:00:00,0.18003,0.18022,0.17927,0.17985,2396535.0,430628.28318
2025-10-16 03:30:00,0.17985,0.17986,0.17873,0.17889,2760902.0,495046.88718
2025-10-16 04:00:00,0.17889,0.18018,0.17872,0.17986,2554859.0,459198.00721
2025-10-16 04:30:00,0.17986,0.1802,0.1782,0.17865,2419747.0,433074.4738
2025-10-16 05:00:00,0.17865,0.17897,0.17802,0.17842,2286274.0,408341.98445
2025-10-16 05:30:00,0.17842,0.17978,0.17764,0.17862,3655890.0,653823.83807
2025-10-16 06:00:00,0.17862,0.18006,0.17849,0.18006,2196387.0,393407.12605
2025-10-16 06:30:00,0.18006,0.18084,0.17986,0.18049,4371316.0,788507.80693
2025-10-16 07:00:00,0.18049,0.18065,0.17856,0.17861,2546312.0,457138.63724
2025-10-16 07:30:00,0.17861,0.17962,0.17851,0.17935,3924401.0,703246.28892
2025-10-16 08:00:00,0.17935,0.17961,0.17868,0.17878,1785007.0,319974.9265
2025-10-16 08:30:00,0.17878,0.17919,0.17809,0.17881,3394500.0,606429.15729
2025-10-16 09:00:00,0.17881,0.18006,0.17857,0.17902,2792600.0,500632.39221
2025-10-16 09:30:00,0.17902,0.18141,0.17453,0.18048,43953305.0,7816323.15891
2025-10-16 10:00:00,0.18048,0.18302,0.18041,0.18131,9495702.0,1725748.4253
2025-10-16 10:30:00,0.18131,0.18242,0.18114,0.18199,2981236.0,542200.30855
2025-10-16 11:00:00,0.18199,0.18272,0.18088,0.18102,6000197.0,1091617.25755
2025-10-16 11:30:00,0.18102,0.18286,0.1806,0.18282,5960133.0,1082919.14063
2025-10-16 12:00:00,0.18282,0.18506,0.18269,0.18318,9963824.0,1829097.39296
2025-10-16 12:30:00,0.18318,0.18399,0.18283,0.18291,4298581.0,787846.23392
2025-10-16 13:00:00,0.18291,0.18335,0.18142,0.18226,4987337.0,909123.67938
2025-10-16 13:30:00,0.18226,0.18326,0.1804,0.18092,9953668.0,1811711.31555
2025-10-16 14:00:00,0.18092,0.18116,0.17806,0.17904,11580004.0,2076668.86827
2025-10-16 14:30:00,0.17904,0.1821,0.17901,0.17972,11812638.0,2132490.36962
2025-10-16 15:00:00,0.17972,0.18044,0.1777,0.17801,6553063.0,1173721.98905
2025-10-16 15:30:00,0.17801,0.17862,0.17326,0.17427,28938110.0,5086241.47965
2025-10-16 16:00:00,0.17427,0.17577,0.17243,0.17405,20509297.0,3570576.92689
2025-10-16 16:30:00,0.17405,0.1778,0.17278,0.17768,17741006.0,3100392.66942
2025-10-16 17:00:00,0.17768,0.1777,0.17497,0.17607,9897690.0,1743179.98399
2025-10-16 17:30:00,0.17607,0.17641,0.17423,0.1744,4939366.0,864634.84886
2025-10-16 18:00:00,0.1744,0.17443,0.17217,0.17268,8721014.0,1509059.09847
2025-10-16 18:30:00,0.17268,0.17473,0.17243,0.17395,7566936.0,1314596.96028
2025-10-16 19:00:00,0.17395,0.17435,0.1711,0.17135,7926900.0,1367026.19418
2025-10-16 19:30:00,0.17135,0.17247,0.16962,0.17107,7937638.0,1355381.48036
2025-10-16 20:00:00,0.17107,0.17193,0.16978,0.17018,3978333.0,679593.75913
2025-10-16 20:30:00,0.17018,0.17043,0.16867,0.16917,9227274.0,1562861.74856
2025-10-16 21:00:00,0.16917,0.17018,0.16864,0.16996,7145674.0,1210429.50933
2025-10-16 21:30:00,0.16996,0.17145,0.16986,0.17134,2736620.0,467358.70704
2025-10-16 22:00:00,0.17134,0.17164,0.17017,0.17069,4176420.0,713917.17592
2025-10-16 22:30:00,0.17069,0.17073,0.16881,0.16888,3683416.0,625565.71216
2025-10-16 23:00:00,0.16888,0.17094,0.16859,0.17034,5332591.0,905305.60167
2025-10-16 23:30:00,0.17034,0.17077,0.16978,0.17077,3839200.0,653154.97596
2025-10-17 00:00:00,0.17077,0.17141,0.17029,0.17121,2458510.0,420267.08682
2025-10-17 00:30:00,0.17121,0.17207,0.17092,0.17202,2009174.0,344611.55609
2025-10-17 01:00:00,0.17202,0.17375,0.17185,0.17271,3546326.0,613176.92497
2025-10-17 01:30:00,0.17271,0.17302,0.17137,0.172,1312043.0,225648.62207
2025-10-17 02:00:00,0.172,0.1724,0.17055,0.17063,1629122.0,278883.90359
2025-10-17 02:30:00,0.17063,0.17215,0.17049,0.17167,1930756.0,330863.85617
2025-10-17 03:00:00,0.17167,0.17225,0.17136,0.1716,1403565.0,241135.58093
2025-10-17 03:30:00,0.1716,0.1722,0.17121,0.17218,1162112.0,199449.3596
2025-10-17 04:00:00,0.17218,0.1723,0.17124,0.17131,989294.0,169901.20306
2025-10-17 04:30:00,0.17131,0.17188,0.17074,0.17096,1829546.0,313423.80953
2025-10-17 05:00:00,0.17096,0.17116,0.1701,0.17107,3982378.0,679295.58401
2025-10-17 05:30:00,0.17107,0.1713,0.16935,0.1697,5278875.0,898752.16997
2025-10-17 06:00:00,0.1697,0.17025,0.16801,0.16817,5593915.0,944411.2454
2025-10-17 06:30:00,0.16817,0.16838,0.16395,0.1644,18996733.0,3154264.34625
2025-10-17 07:00:00,0.1644,0.16473,0.16125,0.16155,21798240.0,3554762.87844
2025-10-17 07:30:00,0.16155,0.16182,0.15872,0.15934,18126607.0,2901439.49474
2025-10-17 08:00:00,0.15934,0.16067,0.15691,0.15856,17986942.0,2854681.35412
2025-10-17 08:30:00,0.15856,0.16032,0.15767,0.15801,8949118.0,1420720.66273
2025-10-17 09:00:00,0.15801,0.15956,0.15754,0.15956,8683885.0,1379063.2456
2025-10-17 09:30:00,0.15956,0.16218,0.1595,0.15957,11794546.0,1897743.73463
2025-10-17 10:00:00,0.15957,0.16055,0.15717,0.15748,16166166.0,2563286.31383
2025-10-17 10:30:00,0.15748,0.16036,0.15726,0.15954,13240246.0,2102912.21449
2025-10-17 11:00:00,0.15954,0.16448,0.15936,0.1638,27380728.0,4441896.87892
2025-10-17 11:30:00,0.1638,0.16408,0.16227,0.16298,9328532.0,1521736.89932
2025-10-17 12:00:00,0.16298,0.16402,0.16205,0.1624,9397478.0,1533501.7887
2025-10-17 12:30:00,0.1624,0.16311,0.16108,0.16126,8366085.0,1355735.06445
2025-10-17 13:00:00,0.16126,0.16202,0.16049,0.16077,10780661.0,1737020.94191
2025-10-17 13:30:00,0.16077,0.16284,0.15931,0.1617,21535469.0,3471296.80007
2025-10-17 14:00:00,0.1617,0.16226,0.1599,0.16014,11773513.0,1895677.51485
2025-10-17 14:30:00,0.16014,0.16177,0.15856,0.15898,25184803.0,4030113.67045
2025-10-17 15:00:00,0.15898,0.15931,0.15545,0.15732,30651593.0,4822698.70832
2025-10-17 15:30:00,0.15732,0.16072,0.15622,0.16067,20158112.0,3192485.95115
2025-10-17 16:00:00,0.16067,0.16303,0.16012,0.16023,20249472.0,3267887.29816
2025-10-17 16:30:00,0.16023,0.16081,0.1591,0.1597,13527507.0,2164979.79311
2025-10-17 17:00:00,0.1597,0.16135,0.15963,0.16051,7741347.0,1242314.24363
2025-10-17 17:30:00,0.16051,0.16234,0.1604,0.16183,6921224.0,1117844.85464
2025-10-17 18:00:00,0.16183,0.16311,0.1615,0.16272,8600760.0,1394707.79274
2025-10-17 18:30:00,0.16272,0.16372,0.16174,0.1621,5940576.0,965862.08732
2025-10-17 19:00:00,0.1621,0.16275,0.16139,0.16178,3882908.0,629509.76962
2025-10-17 19:30:00,0.16178,0.1623,0.1608,0.16214,4208359.0,678931.1545
2025-10-17 20:00:00,0.16214,0.16392,0.16176,0.16373,4132903.0,673445.41393
2025-10-17 20:30:00,0.16373,0.16448,0.16309,0.1642,4481598.0,734347.198
2025-10-17 21:00:00,0.1642,0.16536,0.16399,0.16485,5275552.0,869019.72936
2025-10-17 21:30:00,0.16485,0.16512,0.16446,0.16498,1325946.0,218527.20016
2025-10-17 22:00:00,0.16498,0.1651,0.16393,0.16419,2402877.0,395137.7434
2025-10-17 22:30:00,0.16419,0.16425,0.16346,0.16367,2684938.0,439689.42015
2025-10-17 23:00:00,0.16367,0.16367,0.16255,0.16268,3315855.0,540473.91617
2025-10-17 23:30:00,0.16268,0.16297,0.16234,0.16245,3099966.0,504244.63863
2025-10-18 00:00:00,0.16245,0.16318,0.16217,0.16295,2457234.0,399417.834
2025-10-18 00:30:00,0.16295,0.16303,0.16253,0.16278,1619448.0,263696.56676
2025-10-18 01:00:00,0.16278,0.16457,0.16278,0.16457,3400783.0,556686.63256
2025-10-18 01:30:00,0.16457,0.16497,0.16404,0.16482,2743527.0,451207.82727
2025-10-18 02:00:00,0.16482,0.16518,0.16387,0.16451,3215278.0,529214.07686
2025-10-18 02:30:00,0.16451,0.16463,0.16356,0.16389,1836249.0,301199.808
2025-10-18 03:00:00,0.16389,0.16484,0.16389,0.16464,1024459.0,168427.77355
2025-10-18 03:30:00,0.16464,0.16519,0.16439,0.16453,1163857.0,191748.9443
2025-10-18 04:00:00,0.16453,0.16453,0.16323,0.16389,2050663.0,335891.1752
2025-10-18 04:30:00,0.16389,0.16393,0.16307,0.16313,1050706.0,171662.48835
2025-10-18 05:00:00,0.16313,0.16369,0.16306,0.16307,1045374.0,170906.52008
2025-10-18 05:30:00,0.16307,0.16451,0.16285,0.16449,1995538.0,326621.8182
2025-10-18 06:00:00,0.16449,0.16512,0.16419,0.16423,2421317.0,398878.55831
2025-10-18 06:30:00,0.16423,0.1646,0.1636,0.16447,783977.0,128641.95754
2025-10-18 07:00:00,0.16447,0.16654,0.16444,0.16527,9011969.0,1493370.42545
2025-10-18 07:30:00,0.16527,0.16621,0.16445,0.16485,4803893.0,795040.75018
2025-10-18 08:00:00,0.16485,0.16577,0.16475,0.16554,2903155.0,479988.78734
2025-10-18 08:30:00,0.16554,0.16571,0.16489,0.16494,3325896.0,549792.34021
2025-10-18 09:00:00,0.16494,0.166,0.16465,0.16577,3922492.0,647843.74668
2025-10-18 09:30:00,0.16577,0.16661,0.16545,0.16642,2506087.0,416027.85422
2025-10-18 10:00:00,0.16642,0.16665,0.16568,0.16592,2089249.0,347069.77783
2025-10-18 10:30:00,0.16592,0.16657,0.16525,0.16588,3533857.0,586901.97851
2025-10-18 11:00:00,0.16588,0.16678,0.16571,0.16587,2262632.0,376100.88898
2025-10-18 11:30:00,0.16587,0.16648,0.16572,0.16648,2472211.0,410586.94131
2025-10-18 12:00:00,0.16648,0.16762,0.16613,0.16678,3566623.0,595209.30102
2025-10-18 12:30:00,0.16678,0.16678,0.16558,0.1658,1339596.0,222344.3976
2025-10-18 13:00:00,0.1658,0.16582,0.16445,0.16514,3641250.0,600748.08748
2025-10-18 13:30:00,0.16514,0.1654,0.16431,0.16453,2582554.0,425528.75325
2025-10-18 14:00:00,0.16453,0.16498,0.16359,0.16434,3933612.0,645423.26225
2025-10-18 14:30:00,0.16434,0.16537,0.16433,0.16506,3498663.0,577153.54704
2025-10-18 15:00:00,0.16506,0.16554,0.16466,0.16473,2865520.0,473337.92191
2025-10-18 15:30:00,0.16473,0.16477,0.16397,0.16465,2163927.0,355614.43861
2025-10-18 16:00:00,0.16465,0.16497,0.16346,0.16394,3986506.0,653880.62107
2025-10-18 16:30:00,0.16394,0.16415,0.16312,0.16404,5035235.0,823247.77833
2025-10-18 17:00:00,0.16404,0.16527,0.16355,0.16514,4477860.0,735308.10155
2025-10-18 17:30:00,0.16514,0.16576,0.1646,0.16559,3772752.0,622724.05063
2025-10-18 18:00:00,0.16559,0.1659,0.16489,0.16508,1808343.0,298826.36833
2025-10-18 18:30:00,0.16508,0.16545,0.16479,0.16499,498432.0,82287.35716
2025-10-18 19:00:00,0.16499,0.1656,0.16468,0.16551,1783546.0,294508.10494
2025-10-18 19:30:00,0.16551,0.16571,0.16526,0.16565,2019682.0,334145.38711
2025-10-18 20:00:00,0.16565,0.16639,0.16549,0.16639,2412108.0,400175.51668
2025-10-18 20:30:00,0.16639,0.16673,0.16569,0.16569,4466705.0,742597.90751
2025-10-18 21:00:00,0.16569,0.1659,0.165,0.16584,2665155.0,440767.31888
2025-10-18 21:30:00,0.16584,0.16618,0.16563,0.16604,1163660.0,193039.85408
2025-10-18 22:00:00,0.16604,0.16621,0.16571,0.16617,1231935.0,204520.72412
2025-10-18 22:30:00,0.16617,0.16617,0.16553,0.16569,1218909.0,202012.24151
2025-10-18 23:00:00,0.16569,0.16569,0.16531,0.16567,1659977.0,274686.71036
2025-10-18 23:30:00,0.16567,0.16582,0.1656,0.16577,887587.0,147091.36155
2025-10-19 00:00:00,0.16577,0.16604,0.1652,0.1652,2160404.0,357596.45989
2025-10-19 00:30:00,0.1652,0.16525,0.16429,0.16478,1821933.0,299985.32293
2025-10-19 01:00:00,0.16478,0.16524,0.16426,0.16508,2093549.0,344740.60696
2025-10-19 01:30:00,0.16508,0.16521,0.16459,0.16501,971831.0,160332.4832
2025-10-19 02:00:00,0.16501,0.16543,0.16479,0.16504,903937.0,149242.77063
2025-10-19 02:30:00,0.16504,0.16515,0.16436,0.16457,789451.0,130050.79028
2025-10-19 03:00:00,0.16457,0.16553,0.16431,0.16546,1849661.0,304784.81948
2025-10-19 03:30:00,0.16546,0.16631,0.16546,0.16586,2434811.0,403856.16442
2025-10-19 04:00:00,0.16586,0.16596,0.16473,0.16485,1976478.0,326595.76695
2025-10-19 04:30:00,0.16485,0.16507,0.16472,0.16477,1650058.0,272061.24189
2025-10-19 05:00:00,0.16477,0.16559,0.16477,0.16497,1962619.0,324124.29441
2025-10-19 05:30:00,0.16497,0.1654,0.16422,0.16448,1338179.0,220482.48344
2025-10-19 06:00:00,0.16448,0.16479,0.16389,0.16421,1279149.0,210056.59434
2025-10-19 06:30:00,0.16421,0.16428,0.16347,0.16397,1767245.0,289602.54408
2025-10-19 07:00:00,0.16397,0.16445,0.16387,0.16396,2252310.0,369923.41402
2025-10-19 07:30:00,0.16396,0.16443,0.16378,0.16435,1356122.0,222594.15491
2025-10-19 08:00:00,0.16435,0.16629,0.16288,0.1644,21859562.0,3603370.0427
2025-10-19 08:30:00,0.1644,0.16446,0.16325,0.16325,5267520.0,862797.43571
2025-10-19 09:00:00,0.16325,0.16343,0.16235,0.16241,8981899.0,1463546.2669
2025-10-19 09:30:00,0.16241,0.16713,0.16241,0.16571,24702298.0,4085941.10175
2025-10-19 10:00:00,0.16571,0.16829,0.16503,0.16776,11939245.0,1996590.6201
2025-10-19 10:30:00,0.16776,0.16791,0.16699,0.1677,8225808.0,1377396.38068
2025-10-19 11:00:00,0.1677,0.16893,0.16749,0.16763,10959129.0,1844284.42877
2025-10-19 11:30:00,0.16763,0.1679,0.16694,0.16729,4300013.0,719714.13286
2025-10-19 12:00:00,0.16729,0.16774,0.16628,0.16642,3347237.0,558922.66309
2025-10-19 12:30:00,0.16642,0.16714,0.16623,0.16703,2919366.0,486974.71412
2025-10-19 13:00:00,0.16703,0.16748,0.16673,0.16732,2474259.0,413445.05948
2025-10-19 13:30:00,0.16732,0.17013,0.16729,0.16989,7518572.0,1270082.92534
2025-10-19 14:00:00,0.16989,0.17097,0.16893,0.17094,9947461.0,1690906.35406
2025-10-19 14:30:00,0.17094,0.17222,0.17064,0.1719,7376915.0,1264018.81388
2025-10-19 15:00:00,0.1719,0.17218,0.17065,0.17083,5460339.0,934965.50883
2025-10-19 15:30:00,0.17083,0.17103,0.17051,0.17101,3567894.0,609151.60521
2025-10-19 16:00:00,0.17101,0.17178,0.17043,0.17084,4347634.0,743648.54873
2025-10-19 16:30:00,0.17084,0.17226,0.17063,0.17118,7042928.0,1207577.61153
2025-10-19 17:00:00,0.17118,0.17345,0.17109,0.1719,15653039.0,2702368.28621
2025-10-19 17:30:00,0.1719,0.17206,0.17112,0.17131,3262118.0,559515.73838
2025-10-19 18:00:00,0.17131,0.17161,0.17099,0.17141,6174393.0,1057734.32312
2025-10-19 18:30:00,0.17141,0.17216,0.17111,0.17204,2705074.0,464687.0025
2025-10-19 19:00:00,0.17204,0.17204,0.17109,0.17182,2783606.0,477538.18563
2025-10-19 19:30:00,0.17182,0.17211,0.17152,0.17179,2819669.0,484554.89811
2025-10-19 20:00:00,0.17179,0.17214,0.17154,0.17213,2881073.0,495212.24174
2025-10-19 20:30:00,0.17213,0.17244,0.17176,0.17224,2072690.0,356721.94605
2025-10-19 21:00:00,0.17224,0.17225,0.1706,0.17077,3914910.0,670773.56334
2025-10-19 21:30:00,0.17077,0.17129,0.17055,0.17125,1694808.0,289767.94615
2025-10-19 22:00:00,0.17125,0.17217,0.17125,0.17192,4045322.0,694777.01946
2025-10-19 22:30:00,0.17192,0.17211,0.17151,0.17157,1680282.0,288747.89124
2025-10-19 23:00:00,0.17157,0.17157,0.17094,0.17118,1586324.0,271504.50797
2025-10-19 23:30:00,0.17118,0.17137,0.17003,0.17035,4343220.0,740069.69958
2025-10-20 00:00:00,0.17035,0.17036,0.16703,0.16754,10740109.0,1808670.99352
2025-10-20 00:30:00,0.16754,0.16885,0.16673,0.16871,6461854.0,1084220.81522
2025-10-20 01:00:00,0.16871,0.16962,0.16832,0.16902,2747002.0,464515.75338
2025-10-20 01:30:00,0.16902,0.16937,0.1685,0.16877,2348850.0,396456.1822
2025-10-20 02:00:00,0.16877,0.16949,0.16796,0.16925,2448045.0,413047.62036
2025-10-20 02:30:00,0.16925,0.17048,0.16891,0.16994,4301188.0,730515.55124
2025-10-20 03:00:00,0.16994,0.17067,0.16958,0.17028,1718801.0,292487.09584
2025-10-20 03:30:00,0.17028,0.1747,0.16998,0.1745,7920494.0,1367598.71525
2025-10-20 04:00:00,0.1745,0.1749,0.17376,0.17478,6347013.0,1106868.41448
2025-10-20 04:30:00,0.17478,0.17605,0.17477,0.17593,5186975.0,909672.71697
2025-10-20 05:00:00,0.17593,0.17601,0.17471,0.17573,4133356.0,724953.29928
2025-10-20 05:30:00,0.17573,0.17669,0.17564,0.17633,6174626.0,1087441.2323
2025-10-20 06:00:00,0.17633,0.17815,0.17618,0.17734,3252202.0,576054.71662
2025-10-20 06:30:00,0.17734,0.17856,0.17727,0.1781,3885892.0,691872.73246
2025-10-20 07:00:00,0.1781,0.17854,0.17725,0.17786,3266941.0,581155.35538
2025-10-20 07:30:00,0.17786,0.17793,0.17683,0.17741,2761022.0,489582.4928
2025-10-20 08:00:00,0.17741,0.17742,0.17625,0.17668,3089160.0,545910.76923
2025-10-20 08:30:00,0.17668,0.17842,0.17665,0.17728,2503722.0,444225.51403
2025-10-20 09:00:00,0.17728,0.17732,0.17636,0.17644,2771334.0,489875.267
2025-10-20 09:30:00,0.17644,0.17708,0.17605,0.17696,2475899.0,437094.81233
2025-10-20 10:00:00,0.17696,0.17919,0.17696,0.17915,6243693.0,1112573.93086
2025-10-20 10:30:00,0.17915,0.17996,0.17807,0.17874,6428823.0,1150595.41294
2025-10-20 11:00:00,0.17874,0.17874,0.17723,0.17766,3029182.0,538585.38641
2025-10-20 11:30:00,0.17766,0.17813,0.17701,0.17793,2595606.0,460874.9528
2025-10-20 12:00:00,0.17793,0.17859,0.17725,0.17854,2740415.0,487489.77784
2025-10-20 12:30:00,0.17854,0.17888,0.17779,0.1781,1632430.0,290979.39217
2025-10-20 13:00:00,0.1781,0.1785,0.17741,0.17817,2199592.0,391397.96665
2025-10-20 13:30:00,0.17817,0.18089,0.17814,0.1805,5705656.0,1026468.17763
2025-10-20 14:00:00,0.1805,0.18081,0.17907,0.18025,4812802.0,865896.37197
2025-10-20 14:30:00,0.18025,0.18041,0.1796,0.18001,2646570.0,476394.66987
2025-10-20 15:00:00,0.18001,0.18073,0.17854,0.17892,4731386.0,850116.19781
2025-10-20 15:30:00,0.17892,0.17904,0.17683,0.17708,6125932.0,1090709.0197
2025-10-20 16:00:00,0.17708,0.17708,0.17372,0.17605,20918488.0,3670851.85043
2025-10-20 16:30:00,0.17605,0.17605,0.17428,0.17519,9211418.0,1612787.71195
2025-10-20 17:00:00,0.17519,0.17636,0.17465,0.17468,5188413.0,909696.49889
2025-10-20 17:30:00,0.17468,0.17561,0.17394,0.17487,6673380.0,1166214.90182
2025-10-20 18:00:00,0.17487,0.17592,0.17475,0.17577,3416797.0,598361.64993
2025-10-20 18:30:00,0.17577,0.17654,0.17534,0.1765,4092854.0,719879.67934
2025-10-20 19:00:00,0.1765,0.17658,0.17532,0.17593,4065038.0,714997.17295
2025-10-20 19:30:00,0.17593,0.17793,0.17567,0.1772,5825437.0,1030858.68408
2025-10-20 20:00:00,0.1772,0.17739,0.17647,0.1768,3612007.0,639057.93255
2025-10-20 20:30:00,0.1768,0.17735,0.17643,0.17734,2214306.0,391434.14051
2025-10-20 21:00:00,0.17734,0.17807,0.17625,0.17676,6040293.0,1070984.85675
2025-10-20 21:30:00,0.17676,0.17679,0.1757,0.17602,2827338.0,497930.90204
2025-10-20 22:00:00,0.17602,0.17657,0.17568,0.17601,1774390.0,312495.86261
2025-10-20 22:30:00,0.17601,0.17657,0.17593,0.17636,1874638.0,330377.75021
2025-10-20 23:00:00,0.17636,0.17642,0.17556,0.17642,1401773.0,246645.83744
2025-10-20 23:30:00,0.17642,0.17657,0.17534,0.17547,3143806.0,552979.8035
2025-10-21 00:00:00,0.17547,0.17557,0.17484,0.17517,2346248.0,411138.29481
2025-10-21 00:30:00,0.17517,0.1758,0.17494,0.175,1523751.0,267154.84783
2025-10-21 01:00:00,0.175,0.17532,0.17401,0.17529,3706015.0,646717.94841
2025-10-21 01:30:00,0.17529,0.17533,0.17352,0.17407,5455614.0,950173.51201
2025-10-21 02:00:00,0.17407,0.17411,0.17257,0.17305,3197242.0,553680.21947
2025-10-21 02:30:00,0.17305,0.17366,0.1726,0.17267,2543126.0,440534.52859
2025-10-21 03:00:00,0.17267,0.17307,0.17254,0.17284,1563095.0,270108.99539
2025-10-21 03:30:00,0.17284,0.17288,0.1716,0.17187,2301370.0,396259.55667
2025-10-21 04:00:00,0.17187,0.1719,0.17008,0.1709,10692021.0,1826038.89562
2025-10-21 04:30:00,0.1709,0.17092,0.16848,0.16891,7611044.0,1289689.4081
2025-10-21 05:00:00,0.16891,0.16983,0.16851,0.16965,6451863.0,1091874.95865
2025-10-21 05:30:00,0.16965,0.17031,0.1693,0.16948,4920150.0,834747.03133
2025-10-21 06:00:00,0.16948,0.17051,0.16912,0.17021,3630909.0,616596.57608
2025-10-21 06:30:00,0.17021,0.17058,0.16992,0.17027,3689195.0,628224.59443
2025-10-21 07:00:00,0.17027,0.17054,0.16944,0.17054,1742025.0,296270.97746
2025-10-21 07:30:00,0.17054,0.17111,0.17048,0.1709,2290396.0,391235.55362
2025-10-21 08:00:00,0.1709,0.1709,0.16981,0.17007,2716720.0,462496.63383
2025-10-21 08:30:00,0.17007,0.17057,0.16922,0.17019,2901008.0,492618.70671
2025-10-21 09:00:00,0.17019,0.17031,0.16965,0.17014,1389008.0,236082.15892
2025-10-21 09:30:00,0.17014,0.17046,0.16987,0.16997,1285948.0,218690.32504
2025-10-21 10:00:00,0.16997,0.17063,0.1699,0.17031,1818854.0,309756.88812
2025-10-21 10:30:00,0.17031,0.17311,0.17029,0.17247,11266244.0,1938166.24295
2025-10-21 11:00:00,0.17247,0.17295,0.17204,0.17257,3432301.0,591668.296
2025-10-21 11:30:00,0.17257,0.17281,0.17213,0.17232,4217100.0,727154.46455
2025-10-21 12:00:00,0.17232,0.17437,0.17168,0.17324,3785281.0,654736.62408
2025-10-21 12:30:00,0.17324,0.17415,0.17241,0.17252,5983387.0,1036379.88455
2025-10-21 13:00:00,0.17252,0.17303,0.17102,0.17259,8785627.0,1512230.87422
2025-10-21 13:30:00,0.17259,0.17345,0.17115,0.17174,4748160.0,816893.14654
2025-10-21 14:00:00,0.17174,0.17637,0.17171,0.17411,19213441.0,3358755.7031
2025-10-21 14:30:00,0.17411,0.17902,0.17408,0.17885,18067088.0,3196316.10334
2025-10-21 15:00:00,0.17885,0.18183,0.17755,0.18012,22558065.0,4050525.36615
2025-10-21 15:30:00,0.18012,0.18131,0.17905,0.18012,8141883.0,1467887.82248
2025-10-21 16:00:00,0.18012,0.18067,0.17894,0.18006,9494306.0,1707874.64573
2025-10-21 16:30:00,0.18006,0.18035,0.17662,0.17707,12836436.0,2295330.42212
2025-10-21 17:00:00,0.17707,0.17865,0.17571,0.17766,15770130.0,2793270.97674
2025-10-21 17:30:00,0.17766,0.17909,0.17711,0.17816,7665819.0,1365448.94949
2025-10-21 18:00:00,0.17816,0.17856,0.17675,0.17718,6095572.0,1082014.72751
2025-10-21 18:30:00,0.17718,0.1778,0.17652,0.17772,4210738.0,745892.26682
2025-10-21 19:00:00,0.17772,0.17809,0.1769,0.17742,1559782.0,276897.42117
2025-10-21 19:30:00,0.17742,0.17773,0.1769,0.1769,1901715.0,337239.631
2025-10-21 20:00:00,0.1769,0.17697,0.17474,0.17554,9406052.0,1652748.9721
2025-10-21 20:30:00,0.17554,0.17589,0.17515,0.17529,1932276.0,339250.49879
2025-10-21 21:00:00,0.17529,0.17601,0.17336,0.1746,10204080.0,1779642.91364
2025-10-21 21:30:00,0.1746,0.1755,0.17431,0.17534,2073654.0,362980.71606
2025-10-21 22:00:00,0.17534,0.17534,0.17295,0.1731,6220089.0,1084053.46944
2025-10-21 22:30:00,0.1731,0.17353,0.1719,0.17216,11557890.0,1995843.79117
2025-10-21 23:00:00,0.17216,0.17234,0.17121,0.1714,4065952.0,698950.28792
2025-10-21 23:30:00,0.1714,0.1714,0.1699,0.17027,5130770.0,874135.04079
2025-10-22 00:00:00,0.17027,0.1708,0.16924,0.16952,5907417.0,1004903.96354
2025-10-22 00:30:00,0.16952,0.17061,0.16908,0.16981,8556008.0,1452984.99692
2025-10-22 01:00:00,0.16981,0.17133,0.16971,0.17061,4006666.0,683172.51343
2025-10-22 01:30:00,0.17061,0.17119,0.17015,0.17093,3925516.0,670084.35158
2025-10-22 02:00:00,0.17093,0.17139,0.17082,0.17104,1656707.0,283493.5911
2025-10-22 02:30:00,0.17104,0.17104,0.17065,0.17067,1982295.0,338699.13578
2025-10-22 03:00:00,0.17067,0.17071,0.1699,0.17046,3202850.0,545413.89922
2025-10-22 03:30:00,0.17046,0.17097,0.1699,0.17087,1815412.0,309330.54817
2025-10-22 04:00:00,0.17087,0.17206,0.17075,0.17169,3616327.0,620393.94092
2025-10-22 04:30:00,0.17169,0.17221,0.17149,0.17201,2250922.0,386992.23722
2025-10-22 05:00:00,0.17201,0.17212,0.16913,0.17002,6958937.0,1186293.53748
2025-10-22 05:30:00,0.17002,0.17081,0.16964,0.17047,3874826.0,659438.1947
2025-10-22 06:00:00,0.17047,0.17113,0.17005,0.17069,2607743.0,444663.00968
2025-10-22 06:30:00,0.17069,0.17143,0.17044,0.17059,4660920.0,796782.23173
2025-10-22 07:00:00,0.17059,0.17059,0.16956,0.17009,4141965.0,703765.74066
2025-10-22 07:30:00,0.17009,0.17109,0.16993,0.17084,3419420.0,583189.69173
2025-10-22 08:00:00,0.17084,0.17084,0.16986,0.1704,2026924.0,344936.04709
2025-10-22 08:30:00,0.1704,0.1707,0.16997,0.17026,1665008.0,283485.93519
2025-10-22 09:00:00,0.17026,0.17057,0.16892,0.16976,5307405.0,899495.16731
2025-10-22 09:30:00,0.16976,0.16997,0.16843,0.16876,4489794.0,758660.60993
2025-10-22 10:00:00,0.16876,0.16937,0.1683,0.16868,3740279.0,631587.38854
2025-10-22 10:30:00,0.16868,0.16884,0.1679,0.16822,3487913.0,587309.12796
2025-10-22 11:00:00,0.16822,0.17002,0.16622,0.16893,26070437.0,4380250.37679
2025-10-22 11:30:00,0.16893,0.16947,0.16833,0.16877,3868372.0,653735.75511
2025-10-22 12:00:00,0.16877,0.16991,0.16817,0.16939,5059938.0,856111.78443
2025-10-22 12:30:00,0.16939,0.16991,0.16895,0.16918,2098821.0,355613.88703
2025-10-22 13:00:00,0.16918,0.17031,0.16896,0.16971,2973454.0,504731.22127
2025-10-22 13:30:00,0.16971,0.17104,0.16824,0.17061,16998204.0,2879789.5087
2025-10-22 14:00:00,0.17061,0.17062,0.16734,0.16812,20008398.0,3376323.0383
2025-10-22 14:30:00,0.16812,0.16996,0.1671,0.16996,15218936.0,2561891.0542
2025-10-22 15:00:00,0.16996,0.17074,0.16767,0.16796,9510746.0,1608227.77114
2025-10-22 15:30:00,0.16796,0.16971,0.16766,0.16908,6606895.0,1115701.87743
2025-10-22 16:00:00,0.16908,0.16949,0.16799,0.16906,6057281.0,1022532.28079
2025-10-22 16:30:00,0.16906,0.17006,0.16768,0.16877,15240990.0,2570285.92933
2025-10-22 17:00:00,0.16877,0.16919,0.16812,0.16831,3783177.0,638189.68601
2025-10-22 17:30:00,0.16831,0.16905,0.16701,0.16742,4390027.0,737427.09195
2025-10-22 18:00:00,0.16742,0.16805,0.16643,0.16733,5655402.0,945143.10792
2025-10-22 18:30:00,0.16733,0.16753,0.16656,0.16695,3790804.0,632792.24363
2025-10-22 19:00:00,0.16695,0.16856,0.16684,0.16764,7829953.0,1313755.24168
2025-10-22 19:30:00,0.16764,0.16789,0.16565,0.16702,14251292.0,2375464.83753
2025-10-22 20:00:00,0.16702,0.16737,0.16575,0.16586,4117799.0,686436.83459
2025-10-22 20:30:00,0.16586,0.16628,0.16469,0.16496,7369691.0,1219655.25113
2025-10-22 21:00:00,0.16496,0.16497,0.16123,0.1623,26407567.0,4301878.2762
2025-10-22 21:30:00,0.1623,0.16313,0.16195,0.16267,3368841.0,547721.46435
2025-10-22 22:00:00,0.16267,0.16393,0.16244,0.16276,2169631.0,354022.17691
2025-10-22 22:30:00,0.16276,0.16371,0.16275,0.16338,3576338.0,583960.44875
2025-10-22 23:00:00,0.16338,0.16471,0.16333,0.1646,2310756.0,379624.39252
